init_strategy,profile,seed,checkpoint_generation,best_duration_s,previous_checkpoint,increment_s,stability_threshold_s,stable_from_previous
baseline,standard,20250841,600,11.021496582031261,,,0.02,
baseline,standard,20250841,750,11.215557861328158,600,0.19406127929689632,0.02,False
baseline,standard,20250841,900,11.322563346071863,750,0.10700548474370564,0.02,False
baseline,standard,20250842,600,10.812554931640644,,,0.02,
baseline,standard,20250842,750,10.996313476562515,600,0.18375854492187038,0.02,False
baseline,standard,20250842,900,11.252227783203132,750,0.25591430664061754,0.02,False
baseline,standard,20250843,600,10.85221557617191,,,0.02,
baseline,standard,20250843,750,10.971643066406273,600,0.11942749023436328,0.02,False
baseline,standard,20250843,900,11.083809544540635,750,0.11216647813436254,0.02,False
