seed,index,source,requested_mode,actual_initial_class,fallback,feasible,theta_1_deg,speed_1_mps,release_1_s,delay_1_s,burst_1_s,theta_2_deg,speed_2_mps,release_2_s,delay_2_s,burst_2_s,theta_3_deg,speed_3_mps,release_3_s,delay_3_s,burst_3_s
20250841,0,single_library,single_library,relay,False,True,6.901852721201663,139.95354143961873,0.00015828881413537665,0.7136606103054681,0.7138188991196035,239.33938467904326,139.93415388059276,3.713132093445836,7.430586484585108,11.143718578030944,151.88405342087898,128.23912644945324,41.1410783161513,11.794401186831701,52.935479502983
20250841,1,single_library,single_library,relay,False,True,6.906577184376861,139.85140242271135,0.0003391909523734471,0.7137227062659653,0.7140618972183388,239.0247083131978,139.9463151495139,3.734423586582464,7.443878003435978,11.178301590018442,151.88191703866153,127.74628321459795,41.3290113060559,11.806741071758816,53.13575237781471
20250841,2,single_library,single_library,relay,False,True,6.8914302654840895,139.95019075178766,0.0007892025208394715,0.7135749357386584,0.7143641382594978,239.0247083131978,139.9463151495139,3.734423586582464,7.443878003435978,11.178301590018442,151.88203737591184,127.4974682018873,41.431346935902106,11.808171725476106,53.23951866137821
20250841,3,single_library,single_library,relay,False,True,6.906577184376861,139.85140242271135,0.0003391909523734471,0.7137227062659653,0.7140618972183388,239.120076885245,139.91900390807683,3.729322096589062,7.439939668308655,11.169261764897717,151.88191703866153,127.74628321459795,41.3290113060559,11.806741071758816,53.13575237781471
20250841,4,single_library,single_library,relay,False,True,6.890913502410902,139.95348376831427,0.000558806146369828,0.7137792226860321,0.7143380288324019,239.11347532622278,139.9194007346513,3.729811752946633,7.440190456414745,11.170002209361378,151.88203737591184,127.4974682018873,41.431346935902106,11.808171725476106,53.23951866137821
20250841,5,single_library,single_library,relay,False,True,6.890913502410902,139.95348376831427,0.000558806146369828,0.7137792226860321,0.7143380288324019,238.98597982611386,139.9248078005273,3.738715571991129,7.445808317219662,11.18452388921079,151.88203737591184,127.4974682018873,41.431346935902106,11.808171725476106,53.23951866137821
20250841,6,single_library,single_library,relay,False,True,6.901852721201663,139.95354143961873,0.00015828881413537665,0.7136606103054681,0.7138188991196035,238.98597982611386,139.9248078005273,3.738715571991129,7.445808317219662,11.18452388921079,151.88191703866153,127.74628321459795,41.3290113060559,11.806741071758816,53.13575237781471
20250841,7,single_library,single_library,relay,False,True,6.901659003201749,139.94808612508317,0.0003797124855604572,0.7134905893593868,0.7138703018449473,238.98597982611386,139.9248078005273,3.738715571991129,7.445808317219662,11.18452388921079,151.88850270884464,128.1776153356285,41.18111327220002,11.788491728900201,52.96960500110022
20250841,8,single_library,single_library,relay,False,True,6.898584674354742,139.9789680239913,0.0005410787541493267,0.7133615234877568,0.7139026022419062,239.16242459749503,139.9164583430774,3.726181811028283,7.438330147198162,11.164511958226445,151.88203737591184,127.4974682018873,41.431346935902106,11.808171725476106,53.23951866137821
20250841,9,single_library,single_library,relay,False,True,6.906577184376861,139.85140242271135,0.0003391909523734471,0.7137227062659653,0.7140618972183388,239.0247083131978,139.9463151495139,3.734423586582464,7.443878003435978,11.178301590018442,151.88405342087898,128.23912644945324,41.1410783161513,11.794401186831701,52.935479502983
20250841,10,single_library,single_library,relay,False,True,6.890913502410902,139.95348376831427,0.000558806146369828,0.7137792226860321,0.7143380288324019,238.98597982611386,139.9248078005273,3.738715571991129,7.445808317219662,11.18452388921079,151.88191703866153,127.74628321459795,41.3290113060559,11.806741071758816,53.13575237781471
20250841,11,single_library,single_library,relay,False,True,6.906577184376861,139.85140242271135,0.0003391909523734471,0.7137227062659653,0.7140618972183388,238.98597982611386,139.9248078005273,3.738715571991129,7.445808317219662,11.18452388921079,151.88191703866153,127.74628321459795,41.3290113060559,11.806741071758816,53.13575237781471
20250841,12,single_library,single_library,relay,False,True,6.901659003201749,139.94808612508317,0.0003797124855604572,0.7134905893593868,0.7138703018449473,239.11347532622278,139.9194007346513,3.729811752946633,7.440190456414745,11.170002209361378,151.88850270884464,128.1776153356285,41.18111327220002,11.788491728900201,52.96960500110022
20250841,13,single_library,single_library,relay,False,True,6.8914302654840895,139.95019075178766,0.0007892025208394715,0.7135749357386584,0.7143641382594978,239.120076885245,139.91900390807683,3.729322096589062,7.439939668308655,11.169261764897717,151.89049296525226,128.39196839245156,41.10436471058635,11.78068878846852,52.88505349905488
20250841,14,single_library,single_library,relay,False,True,6.898584674354742,139.9789680239913,0.0005410787541493267,0.7133615234877568,0.7139026022419062,239.33938467904326,139.93415388059276,3.713132093445836,7.430586484585108,11.143718578030944,151.88850270884464,128.1776153356285,41.18111327220002,11.788491728900201,52.96960500110022
20250841,15,single_library,single_library,relay,False,True,6.901852721201663,139.95354143961873,0.00015828881413537665,0.7136606103054681,0.7138188991196035,239.0247083131978,139.9463151495139,3.734423586582464,7.443878003435978,11.178301590018442,151.88405342087898,128.23912644945324,41.1410783161513,11.794401186831701,52.935479502983
20250841,16,single_library,single_library,relay,False,True,6.901852721201663,139.95354143961873,0.00015828881413537665,0.7136606103054681,0.7138188991196035,238.98597982611386,139.9248078005273,3.738715571991129,7.445808317219662,11.18452388921079,151.89049296525226,128.39196839245156,41.10436471058635,11.78068878846852,52.88505349905488
20250841,17,single_library,single_library,relay,False,True,6.901659003201749,139.94808612508317,0.0003797124855604572,0.7134905893593868,0.7138703018449473,239.120076885245,139.91900390807683,3.729322096589062,7.439939668308655,11.169261764897717,151.89049296525226,128.39196839245156,41.10436471058635,11.78068878846852,52.88505349905488
20250841,18,single_library,single_library,relay,False,True,6.898584674354742,139.9789680239913,0.0005410787541493267,0.7133615234877568,0.7139026022419062,239.120076885245,139.91900390807683,3.729322096589062,7.439939668308655,11.169261764897717,151.88405342087898,128.23912644945324,41.1410783161513,11.794401186831701,52.935479502983
20250841,19,single_library,single_library,relay,False,True,6.901659003201749,139.94808612508317,0.0003797124855604572,0.7134905893593868,0.7138703018449473,239.120076885245,139.91900390807683,3.729322096589062,7.439939668308655,11.169261764897717,151.88191703866153,127.74628321459795,41.3290113060559,11.806741071758816,53.13575237781471
20250841,20,single_library,single_library,relay,False,True,6.8914302654840895,139.95019075178766,0.0007892025208394715,0.7135749357386584,0.7143641382594978,239.0247083131978,139.9463151495139,3.734423586582464,7.443878003435978,11.178301590018442,151.88405342087898,128.23912644945324,41.1410783161513,11.794401186831701,52.935479502983
20250841,21,single_library,single_library,relay,False,True,6.906577184376861,139.85140242271135,0.0003391909523734471,0.7137227062659653,0.7140618972183388,239.11347532622278,139.9194007346513,3.729811752946633,7.440190456414745,11.170002209361378,151.88405342087898,128.23912644945324,41.1410783161513,11.794401186831701,52.935479502983
20250841,22,single_library,single_library,relay,False,True,6.901852721201663,139.95354143961873,0.00015828881413537665,0.7136606103054681,0.7138188991196035,239.16242459749503,139.9164583430774,3.726181811028283,7.438330147198162,11.164511958226445,151.88850270884464,128.1776153356285,41.18111327220002,11.788491728900201,52.96960500110022
20250841,23,single_library,single_library,relay,False,True,6.901852721201663,139.95354143961873,0.00015828881413537665,0.7136606103054681,0.7138188991196035,239.11347532622278,139.9194007346513,3.729811752946633,7.440190456414745,11.170002209361378,151.88405342087898,128.23912644945324,41.1410783161513,11.794401186831701,52.935479502983
20250841,24,single_library,single_library,relay,False,True,6.898584674354742,139.9789680239913,0.0005410787541493267,0.7133615234877568,0.7139026022419062,239.16242459749503,139.9164583430774,3.726181811028283,7.438330147198162,11.164511958226445,151.88191703866153,127.74628321459795,41.3290113060559,11.806741071758816,53.13575237781471
20250841,25,single_library,single_library,relay,False,True,6.906577184376861,139.85140242271135,0.0003391909523734471,0.7137227062659653,0.7140618972183388,239.16242459749503,139.9164583430774,3.726181811028283,7.438330147198162,11.164511958226445,151.88405342087898,128.23912644945324,41.1410783161513,11.794401186831701,52.935479502983
20250841,26,single_library,single_library,relay,False,True,6.898584674354742,139.9789680239913,0.0005410787541493267,0.7133615234877568,0.7139026022419062,239.0247083131978,139.9463151495139,3.734423586582464,7.443878003435978,11.178301590018442,151.88203737591184,127.4974682018873,41.431346935902106,11.808171725476106,53.23951866137821
20250841,27,single_library,single_library,relay,False,True,6.898584674354742,139.9789680239913,0.0005410787541493267,0.7133615234877568,0.7139026022419062,238.98597982611386,139.9248078005273,3.738715571991129,7.445808317219662,11.18452388921079,151.89049296525226,128.39196839245156,41.10436471058635,11.78068878846852,52.88505349905488
20250841,28,single_library,single_library,relay,False,True,6.898584674354742,139.9789680239913,0.0005410787541493267,0.7133615234877568,0.7139026022419062,239.11347532622278,139.9194007346513,3.729811752946633,7.440190456414745,11.170002209361378,151.88850270884464,128.1776153356285,41.18111327220002,11.788491728900201,52.96960500110022
20250841,29,single_library,single_library,relay,False,True,6.890913502410902,139.95348376831427,0.000558806146369828,0.7137792226860321,0.7143380288324019,239.120076885245,139.91900390807683,3.729322096589062,7.439939668308655,11.169261764897717,151.88405342087898,128.23912644945324,41.1410783161513,11.794401186831701,52.935479502983
20250841,30,single_library,single_library,relay,False,True,6.901852721201663,139.95354143961873,0.00015828881413537665,0.7136606103054681,0.7138188991196035,239.16242459749503,139.9164583430774,3.726181811028283,7.438330147198162,11.164511958226445,151.88597986287033,128.17717070923018,41.167258877364674,11.797829546702527,52.9650884240672
20250841,31,single_library,single_library,relay,False,True,6.901659003201749,139.94808612508317,0.0003797124855604572,0.7134905893593868,0.7138703018449473,239.33938467904326,139.93415388059276,3.713132093445836,7.430586484585108,11.143718578030944,151.88850270884464,128.1776153356285,41.18111327220002,11.788491728900201,52.96960500110022
20250841,32,single_library,single_library,relay,False,True,6.906577184376861,139.85140242271135,0.0003391909523734471,0.7137227062659653,0.7140618972183388,239.33938467904326,139.93415388059276,3.713132093445836,7.430586484585108,11.143718578030944,151.89049296525226,128.39196839245156,41.10436471058635,11.78068878846852,52.88505349905488
20250841,33,single_library,single_library,relay,False,True,6.8914302654840895,139.95019075178766,0.0007892025208394715,0.7135749357386584,0.7143641382594978,239.16242459749503,139.9164583430774,3.726181811028283,7.438330147198162,11.164511958226445,151.88203737591184,127.4974682018873,41.431346935902106,11.808171725476106,53.23951866137821
20250841,34,single_library,single_library,relay,False,True,6.901852721201663,139.95354143961873,0.00015828881413537665,0.7136606103054681,0.7138188991196035,239.11347532622278,139.9194007346513,3.729811752946633,7.440190456414745,11.170002209361378,151.88597986287033,128.17717070923018,41.167258877364674,11.797829546702527,52.9650884240672
20250841,35,single_library,single_library,relay,False,True,6.898584674354742,139.9789680239913,0.0005410787541493267,0.7133615234877568,0.7139026022419062,239.0247083131978,139.9463151495139,3.734423586582464,7.443878003435978,11.178301590018442,151.88405342087898,128.23912644945324,41.1410783161513,11.794401186831701,52.935479502983
20250841,36,single_library,single_library,relay,False,True,6.901659003201749,139.94808612508317,0.0003797124855604572,0.7134905893593868,0.7138703018449473,239.0247083131978,139.9463151495139,3.734423586582464,7.443878003435978,11.178301590018442,151.88203737591184,127.4974682018873,41.431346935902106,11.808171725476106,53.23951866137821
20250841,37,single_library,single_library,relay,False,True,6.901659003201749,139.94808612508317,0.0003797124855604572,0.7134905893593868,0.7138703018449473,239.33938467904326,139.93415388059276,3.713132093445836,7.430586484585108,11.143718578030944,151.88203737591184,127.4974682018873,41.431346935902106,11.808171725476106,53.23951866137821
20250841,38,single_library,single_library,relay,False,True,6.901852721201663,139.95354143961873,0.00015828881413537665,0.7136606103054681,0.7138188991196035,239.33938467904326,139.93415388059276,3.713132093445836,7.430586484585108,11.143718578030944,151.88597986287033,128.17717070923018,41.167258877364674,11.797829546702527,52.9650884240672
20250841,39,single_library,single_library,relay,False,True,6.898584674354742,139.9789680239913,0.0005410787541493267,0.7133615234877568,0.7139026022419062,239.33938467904326,139.93415388059276,3.713132093445836,7.430586484585108,11.143718578030944,151.88191703866153,127.74628321459795,41.3290113060559,11.806741071758816,53.13575237781471
20250841,40,single_library,single_library,relay,False,True,6.890913502410902,139.95348376831427,0.000558806146369828,0.7137792226860321,0.7143380288324019,239.0247083131978,139.9463151495139,3.734423586582464,7.443878003435978,11.178301590018442,151.88850270884464,128.1776153356285,41.18111327220002,11.788491728900201,52.96960500110022
20250841,41,single_library,single_library,relay,False,True,6.890913502410902,139.95348376831427,0.000558806146369828,0.7137792226860321,0.7143380288324019,238.98597982611386,139.9248078005273,3.738715571991129,7.445808317219662,11.18452388921079,151.88850270884464,128.1776153356285,41.18111327220002,11.788491728900201,52.96960500110022
20250841,42,single_library,single_library,relay,False,True,6.906577184376861,139.85140242271135,0.0003391909523734471,0.7137227062659653,0.7140618972183388,239.11347532622278,139.9194007346513,3.729811752946633,7.440190456414745,11.170002209361378,151.89049296525226,128.39196839245156,41.10436471058635,11.78068878846852,52.88505349905488
20250841,43,single_library,single_library,relay,False,True,6.901659003201749,139.94808612508317,0.0003797124855604572,0.7134905893593868,0.7138703018449473,239.11347532622278,139.9194007346513,3.729811752946633,7.440190456414745,11.170002209361378,151.88191703866153,127.74628321459795,41.3290113060559,11.806741071758816,53.13575237781471
20250841,44,single_library,single_library,relay,False,True,6.906577184376861,139.85140242271135,0.0003391909523734471,0.7137227062659653,0.7140618972183388,238.98597982611386,139.9248078005273,3.738715571991129,7.445808317219662,11.18452388921079,151.88850270884464,128.1776153356285,41.18111327220002,11.788491728900201,52.96960500110022
20250841,45,single_library,single_library,relay,False,True,6.901659003201749,139.94808612508317,0.0003797124855604572,0.7134905893593868,0.7138703018449473,239.16242459749503,139.9164583430774,3.726181811028283,7.438330147198162,11.164511958226445,151.88191703866153,127.74628321459795,41.3290113060559,11.806741071758816,53.13575237781471
20250841,46,single_library,single_library,relay,False,True,6.8914302654840895,139.95019075178766,0.0007892025208394715,0.7135749357386584,0.7143641382594978,238.98597982611386,139.9248078005273,3.738715571991129,7.445808317219662,11.18452388921079,151.88191703866153,127.74628321459795,41.3290113060559,11.806741071758816,53.13575237781471
20250841,47,single_library,single_library,relay,False,True,6.901852721201663,139.95354143961873,0.00015828881413537665,0.7136606103054681,0.7138188991196035,239.0247083131978,139.9463151495139,3.734423586582464,7.443878003435978,11.178301590018442,151.88850270884464,128.1776153356285,41.18111327220002,11.788491728900201,52.96960500110022
20250841,48,single_library,single_library,relay,False,True,6.906577184376861,139.85140242271135,0.0003391909523734471,0.7137227062659653,0.7140618972183388,239.11347532622278,139.9194007346513,3.729811752946633,7.440190456414745,11.170002209361378,151.88203737591184,127.4974682018873,41.431346935902106,11.808171725476106,53.23951866137821
20250841,49,single_library,single_library,relay,False,True,6.898584674354742,139.9789680239913,0.0005410787541493267,0.7133615234877568,0.7139026022419062,239.120076885245,139.91900390807683,3.729322096589062,7.439939668308655,11.169261764897717,151.89049296525226,128.39196839245156,41.10436471058635,11.78068878846852,52.88505349905488
20250841,50,global_lhs,global_lhs,relay,False,True,334.42549561672945,84.6273298014421,2.5547741290427255,0.5904129352243669,3.1451870642670925,75.63146250473216,131.36643666386954,21.682234183192797,2.1561272773768945,23.83836146056969,150.20727173046635,71.19463582807965,21.504545377821298,7.654549443391129,29.159094821212427
20250841,51,global_lhs,global_lhs,relay,False,True,65.51070536305942,101.27707329686729,0.3967455435174596,4.227717362315594,4.624462905833053,272.6835387989677,76.79045998274566,13.074443283932757,12.327054634482161,25.40149791841492,37.83014255247743,87.08103359854519,11.866150571909355,5.586782208810972,17.452932780720328
20250841,52,global_lhs,global_lhs,relay,False,True,268.85271138013024,104.95141354837554,2.598064819598992,0.037910717809925866,2.635975537408918,204.7440276908331,129.4553945127367,14.411426568200048,0.5510869615439424,14.96251352974399,226.21501434562649,116.43788709755245,54.15301513472191,9.021859145234348,63.17487427995626
20250841,53,global_lhs,global_lhs,overlap_relay,False,True,111.04199430695152,136.56523934460438,13.015994326538323,0.7782529643896584,13.79424729092798,17.80103297429628,123.17622251435017,8.281560548456445,6.018806010744541,14.300366559200986,224.89172393671322,129.40291928376485,48.49764560280133,8.511295760913606,57.00894136371493
20250841,54,global_lhs,global_lhs,relay,False,True,343.6235072450364,131.40803850246255,1.8576984342700031,7.09690012443498,8.954598558704983,276.28714504104363,138.4351654277437,33.08337006410713,15.48757662120199,48.57094668530912,8.61516135251554,112.69312097061945,17.009923537511558,4.1668691879930435,21.1767927255046
20250841,55,global_lhs,global_lhs,relay,False,True,108.91652185111374,96.71836803457987,2.105655102513201,3.675655349361305,5.781310451874506,237.7508292569917,124.40789876105956,40.195961997077376,5.317537345875543,45.51349934295292,284.0048533799599,125.05266609778204,20.25742285429576,2.793177161267798,23.05060001556356
20250841,56,global_lhs,global_lhs,relay,False,True,247.81337692936987,114.89747411549638,7.8563338495916994,2.57711681769225,10.43345066728395,62.915246880104945,121.64792168072677,2.8032863446235803,3.3481165356074554,6.151402880231036,50.72563761904286,127.38693511427647,59.976116849356096,1.9282080176291674,61.90432486698526
20250841,57,global_lhs,global_lhs,relay,False,True,211.60973813719133,107.03292036512738,0.17770405016309615,0.4613898403178332,0.6390938904809293,222.78754166197268,81.2418139473346,9.143950097054926,2.4351694571489935,11.57911955420392,303.6422974424784,85.65955405734577,29.873121120110714,10.974832413742032,40.847953533852746
20250841,58,global_lhs,global_lhs,overlap_relay,False,True,236.20259881802426,118.74575434782392,6.7550043134005735,5.648172305481762,12.403176618882336,283.746622604368,70.58348002479536,24.79402390501398,12.57484668969125,37.36887059470523,189.17358400133276,85.55033668498032,11.582028849328156,0.3789139337245723,11.960942783052728
20250841,59,global_lhs,global_lhs,relay,False,True,99.50940396584106,124.91887872913772,1.1683236322171267,6.881057553531288,8.049381185748414,174.72985904091456,104.78275979950519,38.19736083037165,8.378403624955094,46.57576445532675,48.435918829080144,137.5022107867252,29.355460452067266,5.922410295554049,35.277870747621314
20250841,60,global_lhs,global_lhs,overlap_relay,False,True,259.07858936509314,71.39593372497961,0.37891733099164915,1.3990994009366573,1.7780167319283064,218.15306202576303,96.76945476436943,1.5329218895828944,0.7466065029094194,2.2795283924923138,76.558990603019,110.45909421114169,9.465566220727363,5.423217645416274,14.888783866143637
20250841,61,global_lhs,global_lhs,relay,False,True,85.59993165377264,88.81142713629069,7.46862822492809,4.828383883604441,12.297012108532531,56.883232308110635,72.79412984402856,18.43087540446574,15.09815599148001,33.52903139594575,197.62300200078064,98.30144650493216,51.80394731483106,4.66991045094766,56.473857765778725
20250841,62,global_lhs,global_lhs,relay,False,True,101.0016118002304,111.93772017536344,9.43375184739603,1.8358300369815803,11.26958188437761,245.8687704418601,105.0460858501553,32.208195085991576,15.789336242790622,47.997531328782195,357.3632598008985,89.82323119953818,44.21365924047831,10.10519452702059,54.318853767498894
20250841,63,global_lhs,global_lhs,relay,False,True,170.69012497355902,70.18497319045338,3.8644053203367594,3.8847793097486125,7.749184630085372,302.5245934858719,84.42008614604892,31.327330235466174,4.800608863137119,36.12793909860329,93.9674413807941,90.89962036607716,46.55291108705896,11.48491368555383,58.03782477261279
20250841,64,global_lhs,global_lhs,relay,False,True,227.12328564358978,72.80867647235416,1.5018320891716366,3.190758425798127,4.692590514969764,89.48708163209557,110.38672028195039,23.866836611015117,2.93486890855854,26.80170551957366,141.71524819842435,125.98841752575814,54.93036044598851,10.632880969400619,65.56324141538913
20250841,65,global_lhs,global_lhs,relay,False,True,128.79638072877728,138.8285090261782,0.695804688808682,8.57746848902851,9.273273177837192,128.69473149560935,89.44931337034468,1.4811221016954086,5.1545383227626616,6.63566042445807,163.59008335402348,89.18976210696576,47.2769369165765,5.9844777085816885,53.26141462515819
20250841,66,global_lhs,global_lhs,relay,False,True,270.0949147577521,80.85792036434646,2.915067785330165,2.5135878159207667,5.428655601250932,102.00983863810015,91.15929517486676,16.268128948850553,16.10092002848205,32.369048977332604,326.2543744448343,114.44576146069713,43.758920822278924,7.347396246464146,51.10631706874307
20250841,67,global_lhs,global_lhs,relay,False,True,32.74326624809656,102.12854229992871,0.10822686369315981,13.067484267855232,13.175711131548391,297.87295579630273,95.08179408260474,8.211659874372149,0.006174778532506246,8.217834652904655,11.56826633257106,107.81018699008389,46.995256981250996,1.6130995896285092,48.60835657087951
20250841,68,global_lhs,global_lhs,relay,False,True,186.89357332599195,89.77632977037334,7.8710889064802,3.0582112469265628,10.929300153406762,187.70931667052935,73.45367583852973,19.254930164233027,11.80548248950402,31.060412653737046,63.44614885777765,87.65953499844855,18.670568962000964,3.212038593541901,21.882607555542865
20250841,69,global_lhs,global_lhs,relay,False,True,43.29774751881374,132.58416265918723,2.076698338706502,0.23466853202906118,2.3113668707355632,6.186986614211345,130.78219471660015,25.738571335696,14.996773981213842,40.73534531690984,40.18999276804443,121.12692917390225,6.9550951279856505,1.8451554797769332,8.800250607762583
20250841,70,global_lhs,global_lhs,relay,False,True,9.081069686943085,114.50445612233275,1.3856885552873972,1.3278905012229905,2.7135790565103877,137.7259237605234,107.33981216741412,10.630356899055432,1.37095186095026,12.001308760005692,317.23885207726414,136.86357148924668,20.886813255312163,9.144413650002695,30.031226905314856
20250841,71,global_lhs,global_lhs,overlap_relay,False,True,345.78853953486515,94.30719822641923,10.558798114551866,0.5386687767200219,11.097466891271887,95.99393202282609,121.47548313325662,10.68621278034989,0.21985345400712575,10.906066234357016,210.00579087477024,75.15116938952481,34.536428947383065,4.630858156414817,39.16728710379788
20250842,0,single_library,single_library,relay,False,True,6.906577184376861,139.85140242271135,0.0003391909523734471,0.7137227062659653,0.7140618972183388,239.16242459749503,139.9164583430774,3.726181811028283,7.438330147198162,11.164511958226445,151.89049296525226,128.39196839245156,41.10436471058635,11.78068878846852,52.88505349905488
20250842,1,single_library,single_library,relay,False,True,6.906577184376861,139.85140242271135,0.0003391909523734471,0.7137227062659653,0.7140618972183388,239.120076885245,139.91900390807683,3.729322096589062,7.439939668308655,11.169261764897717,151.88203737591184,127.4974682018873,41.431346935902106,11.808171725476106,53.23951866137821
20250842,2,single_library,single_library,relay,False,True,6.890913502410902,139.95348376831427,0.000558806146369828,0.7137792226860321,0.7143380288324019,239.33938467904326,139.93415388059276,3.713132093445836,7.430586484585108,11.143718578030944,151.88597986287033,128.17717070923018,41.167258877364674,11.797829546702527,52.9650884240672
20250842,3,single_library,single_library,relay,False,True,6.890913502410902,139.95348376831427,0.000558806146369828,0.7137792226860321,0.7143380288324019,239.0247083131978,139.9463151495139,3.734423586582464,7.443878003435978,11.178301590018442,151.88191703866153,127.74628321459795,41.3290113060559,11.806741071758816,53.13575237781471
20250842,4,single_library,single_library,relay,False,True,6.901852721201663,139.95354143961873,0.00015828881413537665,0.7136606103054681,0.7138188991196035,239.16242459749503,139.9164583430774,3.726181811028283,7.438330147198162,11.164511958226445,151.88191703866153,127.74628321459795,41.3290113060559,11.806741071758816,53.13575237781471
20250842,5,single_library,single_library,relay,False,True,6.890913502410902,139.95348376831427,0.000558806146369828,0.7137792226860321,0.7143380288324019,239.120076885245,139.91900390807683,3.729322096589062,7.439939668308655,11.169261764897717,151.88191703866153,127.74628321459795,41.3290113060559,11.806741071758816,53.13575237781471
20250842,6,single_library,single_library,relay,False,True,6.906577184376861,139.85140242271135,0.0003391909523734471,0.7137227062659653,0.7140618972183388,239.33938467904326,139.93415388059276,3.713132093445836,7.430586484585108,11.143718578030944,151.88191703866153,127.74628321459795,41.3290113060559,11.806741071758816,53.13575237781471
20250842,7,single_library,single_library,relay,False,True,6.8914302654840895,139.95019075178766,0.0007892025208394715,0.7135749357386584,0.7143641382594978,239.33938467904326,139.93415388059276,3.713132093445836,7.430586484585108,11.143718578030944,151.88191703866153,127.74628321459795,41.3290113060559,11.806741071758816,53.13575237781471
20250842,8,single_library,single_library,relay,False,True,6.8914302654840895,139.95019075178766,0.0007892025208394715,0.7135749357386584,0.7143641382594978,239.120076885245,139.91900390807683,3.729322096589062,7.439939668308655,11.169261764897717,151.88405342087898,128.23912644945324,41.1410783161513,11.794401186831701,52.935479502983
20250842,9,single_library,single_library,relay,False,True,6.8914302654840895,139.95019075178766,0.0007892025208394715,0.7135749357386584,0.7143641382594978,239.16242459749503,139.9164583430774,3.726181811028283,7.438330147198162,11.164511958226445,151.88203737591184,127.4974682018873,41.431346935902106,11.808171725476106,53.23951866137821
20250842,10,single_library,single_library,relay,False,True,6.890913502410902,139.95348376831427,0.000558806146369828,0.7137792226860321,0.7143380288324019,239.11347532622278,139.9194007346513,3.729811752946633,7.440190456414745,11.170002209361378,151.88191703866153,127.74628321459795,41.3290113060559,11.806741071758816,53.13575237781471
20250842,11,single_library,single_library,relay,False,True,6.898584674354742,139.9789680239913,0.0005410787541493267,0.7133615234877568,0.7139026022419062,239.120076885245,139.91900390807683,3.729322096589062,7.439939668308655,11.169261764897717,151.88203737591184,127.4974682018873,41.431346935902106,11.808171725476106,53.23951866137821
20250842,12,single_library,single_library,relay,False,True,6.901659003201749,139.94808612508317,0.0003797124855604572,0.7134905893593868,0.7138703018449473,239.16242459749503,139.9164583430774,3.726181811028283,7.438330147198162,11.164511958226445,151.88597986287033,128.17717070923018,41.167258877364674,11.797829546702527,52.9650884240672
20250842,13,single_library,single_library,relay,False,True,6.8914302654840895,139.95019075178766,0.0007892025208394715,0.7135749357386584,0.7143641382594978,239.33938467904326,139.93415388059276,3.713132093445836,7.430586484585108,11.143718578030944,151.89049296525226,128.39196839245156,41.10436471058635,11.78068878846852,52.88505349905488
20250842,14,single_library,single_library,relay,False,True,6.901659003201749,139.94808612508317,0.0003797124855604572,0.7134905893593868,0.7138703018449473,239.120076885245,139.91900390807683,3.729322096589062,7.439939668308655,11.169261764897717,151.88850270884464,128.1776153356285,41.18111327220002,11.788491728900201,52.96960500110022
20250842,15,single_library,single_library,relay,False,True,6.8914302654840895,139.95019075178766,0.0007892025208394715,0.7135749357386584,0.7143641382594978,239.11347532622278,139.9194007346513,3.729811752946633,7.440190456414745,11.170002209361378,151.88850270884464,128.1776153356285,41.18111327220002,11.788491728900201,52.96960500110022
20250842,16,single_library,single_library,relay,False,True,6.906577184376861,139.85140242271135,0.0003391909523734471,0.7137227062659653,0.7140618972183388,239.16242459749503,139.9164583430774,3.726181811028283,7.438330147198162,11.164511958226445,151.88203737591184,127.4974682018873,41.431346935902106,11.808171725476106,53.23951866137821
20250842,17,single_library,single_library,relay,False,True,6.898584674354742,139.9789680239913,0.0005410787541493267,0.7133615234877568,0.7139026022419062,239.16242459749503,139.9164583430774,3.726181811028283,7.438330147198162,11.164511958226445,151.88203737591184,127.4974682018873,41.431346935902106,11.808171725476106,53.23951866137821
20250842,18,single_library,single_library,relay,False,True,6.901852721201663,139.95354143961873,0.00015828881413537665,0.7136606103054681,0.7138188991196035,239.11347532622278,139.9194007346513,3.729811752946633,7.440190456414745,11.170002209361378,151.88405342087898,128.23912644945324,41.1410783161513,11.794401186831701,52.935479502983
20250842,19,single_library,single_library,relay,False,True,6.890913502410902,139.95348376831427,0.000558806146369828,0.7137792226860321,0.7143380288324019,239.16242459749503,139.9164583430774,3.726181811028283,7.438330147198162,11.164511958226445,151.88597986287033,128.17717070923018,41.167258877364674,11.797829546702527,52.9650884240672
20250842,20,single_library,single_library,relay,False,True,6.8914302654840895,139.95019075178766,0.0007892025208394715,0.7135749357386584,0.7143641382594978,239.0247083131978,139.9463151495139,3.734423586582464,7.443878003435978,11.178301590018442,151.88850270884464,128.1776153356285,41.18111327220002,11.788491728900201,52.96960500110022
20250842,21,single_library,single_library,relay,False,True,6.890913502410902,139.95348376831427,0.000558806146369828,0.7137792226860321,0.7143380288324019,238.98597982611386,139.9248078005273,3.738715571991129,7.445808317219662,11.18452388921079,151.88203737591184,127.4974682018873,41.431346935902106,11.808171725476106,53.23951866137821
20250842,22,single_library,single_library,relay,False,True,6.901659003201749,139.94808612508317,0.0003797124855604572,0.7134905893593868,0.7138703018449473,239.11347532622278,139.9194007346513,3.729811752946633,7.440190456414745,11.170002209361378,151.88850270884464,128.1776153356285,41.18111327220002,11.788491728900201,52.96960500110022
20250842,23,single_library,single_library,relay,False,True,6.890913502410902,139.95348376831427,0.000558806146369828,0.7137792226860321,0.7143380288324019,239.16242459749503,139.9164583430774,3.726181811028283,7.438330147198162,11.164511958226445,151.88405342087898,128.23912644945324,41.1410783161513,11.794401186831701,52.935479502983
20250842,24,single_library,single_library,relay,False,True,6.890913502410902,139.95348376831427,0.000558806146369828,0.7137792226860321,0.7143380288324019,239.33938467904326,139.93415388059276,3.713132093445836,7.430586484585108,11.143718578030944,151.88203737591184,127.4974682018873,41.431346935902106,11.808171725476106,53.23951866137821
20250842,25,single_library,single_library,relay,False,True,6.890913502410902,139.95348376831427,0.000558806146369828,0.7137792226860321,0.7143380288324019,238.98597982611386,139.9248078005273,3.738715571991129,7.445808317219662,11.18452388921079,151.88597986287033,128.17717070923018,41.167258877364674,11.797829546702527,52.9650884240672
20250842,26,single_library,single_library,relay,False,True,6.901659003201749,139.94808612508317,0.0003797124855604572,0.7134905893593868,0.7138703018449473,239.11347532622278,139.9194007346513,3.729811752946633,7.440190456414745,11.170002209361378,151.88203737591184,127.4974682018873,41.431346935902106,11.808171725476106,53.23951866137821
20250842,27,single_library,single_library,relay,False,True,6.901852721201663,139.95354143961873,0.00015828881413537665,0.7136606103054681,0.7138188991196035,239.0247083131978,139.9463151495139,3.734423586582464,7.443878003435978,11.178301590018442,151.88597986287033,128.17717070923018,41.167258877364674,11.797829546702527,52.9650884240672
20250842,28,single_library,single_library,relay,False,True,6.898584674354742,139.9789680239913,0.0005410787541493267,0.7133615234877568,0.7139026022419062,239.11347532622278,139.9194007346513,3.729811752946633,7.440190456414745,11.170002209361378,151.89049296525226,128.39196839245156,41.10436471058635,11.78068878846852,52.88505349905488
20250842,29,single_library,single_library,relay,False,True,6.890913502410902,139.95348376831427,0.000558806146369828,0.7137792226860321,0.7143380288324019,239.0247083131978,139.9463151495139,3.734423586582464,7.443878003435978,11.178301590018442,151.88203737591184,127.4974682018873,41.431346935902106,11.808171725476106,53.23951866137821
20250842,30,single_library,single_library,relay,False,True,6.906577184376861,139.85140242271135,0.0003391909523734471,0.7137227062659653,0.7140618972183388,239.11347532622278,139.9194007346513,3.729811752946633,7.440190456414745,11.170002209361378,151.88203737591184,127.4974682018873,41.431346935902106,11.808171725476106,53.23951866137821
20250842,31,single_library,single_library,relay,False,True,6.890913502410902,139.95348376831427,0.000558806146369828,0.7137792226860321,0.7143380288324019,239.120076885245,139.91900390807683,3.729322096589062,7.439939668308655,11.169261764897717,151.88597986287033,128.17717070923018,41.167258877364674,11.797829546702527,52.9650884240672
20250842,32,single_library,single_library,relay,False,True,6.901852721201663,139.95354143961873,0.00015828881413537665,0.7136606103054681,0.7138188991196035,239.0247083131978,139.9463151495139,3.734423586582464,7.443878003435978,11.178301590018442,151.89049296525226,128.39196839245156,41.10436471058635,11.78068878846852,52.88505349905488
20250842,33,single_library,single_library,relay,False,True,6.906577184376861,139.85140242271135,0.0003391909523734471,0.7137227062659653,0.7140618972183388,238.98597982611386,139.9248078005273,3.738715571991129,7.445808317219662,11.18452388921079,151.88597986287033,128.17717070923018,41.167258877364674,11.797829546702527,52.9650884240672
20250842,34,single_library,single_library,relay,False,True,6.901852721201663,139.95354143961873,0.00015828881413537665,0.7136606103054681,0.7138188991196035,238.98597982611386,139.9248078005273,3.738715571991129,7.445808317219662,11.18452388921079,151.88405342087898,128.23912644945324,41.1410783161513,11.794401186831701,52.935479502983
20250842,35,single_library,single_library,relay,False,True,6.901852721201663,139.95354143961873,0.00015828881413537665,0.7136606103054681,0.7138188991196035,239.33938467904326,139.93415388059276,3.713132093445836,7.430586484585108,11.143718578030944,151.88203737591184,127.4974682018873,41.431346935902106,11.808171725476106,53.23951866137821
20250842,36,single_library,single_library,relay,False,True,6.901852721201663,139.95354143961873,0.00015828881413537665,0.7136606103054681,0.7138188991196035,239.16242459749503,139.9164583430774,3.726181811028283,7.438330147198162,11.164511958226445,151.88850270884464,128.1776153356285,41.18111327220002,11.788491728900201,52.96960500110022
20250842,37,single_library,single_library,relay,False,True,6.901852721201663,139.95354143961873,0.00015828881413537665,0.7136606103054681,0.7138188991196035,239.0247083131978,139.9463151495139,3.734423586582464,7.443878003435978,11.178301590018442,151.88203737591184,127.4974682018873,41.431346935902106,11.808171725476106,53.23951866137821
20250842,38,single_library,single_library,relay,False,True,6.901852721201663,139.95354143961873,0.00015828881413537665,0.7136606103054681,0.7138188991196035,239.11347532622278,139.9194007346513,3.729811752946633,7.440190456414745,11.170002209361378,151.88850270884464,128.1776153356285,41.18111327220002,11.788491728900201,52.96960500110022
20250842,39,single_library,single_library,relay,False,True,6.901852721201663,139.95354143961873,0.00015828881413537665,0.7136606103054681,0.7138188991196035,239.0247083131978,139.9463151495139,3.734423586582464,7.443878003435978,11.178301590018442,151.88191703866153,127.74628321459795,41.3290113060559,11.806741071758816,53.13575237781471
20250842,40,single_library,single_library,relay,False,True,6.901659003201749,139.94808612508317,0.0003797124855604572,0.7134905893593868,0.7138703018449473,238.98597982611386,139.9248078005273,3.738715571991129,7.445808317219662,11.18452388921079,151.88850270884464,128.1776153356285,41.18111327220002,11.788491728900201,52.96960500110022
20250842,41,single_library,single_library,relay,False,True,6.8914302654840895,139.95019075178766,0.0007892025208394715,0.7135749357386584,0.7143641382594978,239.16242459749503,139.9164583430774,3.726181811028283,7.438330147198162,11.164511958226445,151.89049296525226,128.39196839245156,41.10436471058635,11.78068878846852,52.88505349905488
20250842,42,single_library,single_library,relay,False,True,6.890913502410902,139.95348376831427,0.000558806146369828,0.7137792226860321,0.7143380288324019,238.98597982611386,139.9248078005273,3.738715571991129,7.445808317219662,11.18452388921079,151.88191703866153,127.74628321459795,41.3290113060559,11.806741071758816,53.13575237781471
20250842,43,single_library,single_library,relay,False,True,6.901659003201749,139.94808612508317,0.0003797124855604572,0.7134905893593868,0.7138703018449473,238.98597982611386,139.9248078005273,3.738715571991129,7.445808317219662,11.18452388921079,151.88405342087898,128.23912644945324,41.1410783161513,11.794401186831701,52.935479502983
20250842,44,single_library,single_library,relay,False,True,6.906577184376861,139.85140242271135,0.0003391909523734471,0.7137227062659653,0.7140618972183388,239.11347532622278,139.9194007346513,3.729811752946633,7.440190456414745,11.170002209361378,151.88405342087898,128.23912644945324,41.1410783161513,11.794401186831701,52.935479502983
20250842,45,single_library,single_library,relay,False,True,6.898584674354742,139.9789680239913,0.0005410787541493267,0.7133615234877568,0.7139026022419062,239.11347532622278,139.9194007346513,3.729811752946633,7.440190456414745,11.170002209361378,151.88203737591184,127.4974682018873,41.431346935902106,11.808171725476106,53.23951866137821
20250842,46,single_library,single_library,relay,False,True,6.901659003201749,139.94808612508317,0.0003797124855604572,0.7134905893593868,0.7138703018449473,239.0247083131978,139.9463151495139,3.734423586582464,7.443878003435978,11.178301590018442,151.89049296525226,128.39196839245156,41.10436471058635,11.78068878846852,52.88505349905488
20250842,47,single_library,single_library,relay,False,True,6.901659003201749,139.94808612508317,0.0003797124855604572,0.7134905893593868,0.7138703018449473,239.16242459749503,139.9164583430774,3.726181811028283,7.438330147198162,11.164511958226445,151.88203737591184,127.4974682018873,41.431346935902106,11.808171725476106,53.23951866137821
20250842,48,single_library,single_library,relay,False,True,6.901659003201749,139.94808612508317,0.0003797124855604572,0.7134905893593868,0.7138703018449473,239.16242459749503,139.9164583430774,3.726181811028283,7.438330147198162,11.164511958226445,151.88405342087898,128.23912644945324,41.1410783161513,11.794401186831701,52.935479502983
20250842,49,single_library,single_library,relay,False,True,6.901659003201749,139.94808612508317,0.0003797124855604572,0.7134905893593868,0.7138703018449473,239.16242459749503,139.9164583430774,3.726181811028283,7.438330147198162,11.164511958226445,151.88850270884464,128.1776153356285,41.18111327220002,11.788491728900201,52.96960500110022
20250842,50,global_lhs,global_lhs,relay,False,True,300.64219810163974,82.94553289938463,1.63363632293163,7.2719072721069,8.90554359503853,284.9729855817878,113.44518809698762,2.781382797615615,10.106193105385108,12.887575903000723,58.940893967507044,88.00355047923352,33.548531425103725,9.554377334106798,43.10290875921052
20250842,51,global_lhs,global_lhs,relay,False,True,34.98617928056049,117.41184347808021,5.770341919749626,1.701721681457366,7.472063601206992,126.03166021255863,89.9831397974178,35.841304825161735,13.82344044942817,49.664745274589905,84.06620197314332,108.28444622003583,1.0135676091083168,3.3369447296309946,4.350512338739311
20250842,52,global_lhs,global_lhs,relay,False,True,50.90378411765019,120.73952122438412,2.5936399208187,6.033939300145394,8.627579220964094,249.69956369682632,102.35671763360122,4.894075562557216,15.40731480063954,20.301390363196756,220.56837580418542,134.32576053948912,19.532898823758458,10.538946754185439,30.071845577943897
20250842,53,global_lhs,global_lhs,relay,False,True,334.00076533290735,81.8629275719952,6.084989824747629,0.7756693071180019,6.8606591318656305,175.0343007394483,80.64512473229436,33.59575849330587,9.834512442876608,43.43027093618248,74.06020534678598,130.95213344374986,58.30916273246104,8.256501173017105,66.56566390547815
20250842,54,global_lhs,global_lhs,overlap_relay,False,True,278.6804735679923,124.92280406054158,11.625273081702566,0.29999249767734737,11.925265579379914,11.05682211976769,82.80924722935946,29.358274730857822,14.62382975514621,43.98210448600403,142.90246028995185,72.42115082920749,37.72484716491587,4.773956655650007,42.49880382056588
20250842,55,global_lhs,global_lhs,relay,False,True,4.392830021446377,72.2474331973905,10.053174103045663,3.3827247494489554,13.435898852494619,117.57510953835688,136.97811720938242,23.477765732197966,14.089102499696084,37.56686823189405,236.38012400236846,85.74882611921612,50.20653705768611,11.703575756873834,61.910112814559945
20250842,56,global_lhs,global_lhs,relay,False,True,105.43785279449168,79.39453857176127,7.432368572478931,1.6625785304545613,9.094947102933492,207.86186735501397,114.69803039361187,13.465643551752045,3.216759064839945,16.68240261659199,266.3057510068345,77.83322486440015,34.935138837834025,3.3390326541637716,38.2741714919978
20250842,57,global_lhs,global_lhs,relay,False,True,114.63865867011017,120.07019197939375,11.113867521766483,0.9100077840531183,12.023875305819601,275.3285174674198,86.12717594129126,1.29058383929168,0.4783103017593809,1.7688941410510608,333.139533700475,74.0953282952231,39.18315098400188,1.8653118786529697,41.048462862654844
20250842,58,global_lhs,global_lhs,relay,False,True,150.34591936200644,124.17026279904042,7.2887495006746725,0.37308961744110297,7.6618391181157754,244.80799720266697,122.22907868831214,5.515268098789303,6.905813326747639,12.421081425536942,38.60494403777404,100.27637998032142,50.89834033340332,4.604776344084441,55.50311667748776
20250842,59,global_lhs,global_lhs,relay,False,True,119.8145678665044,114.95560381859849,3.3798557115870347,7.434644580082526,10.81450029166956,163.25349398664946,80.9211134543382,27.431915501738104,9.248017236187122,36.67993273792523,252.9082955120313,111.01982835207073,53.62303690742618,5.3462580387856935,58.969294946211875
20250842,60,global_lhs,global_lhs,relay,False,True,166.69970673149626,98.74447476968452,1.9095960301392436,6.094384745989948,8.003980776129191,333.1139078086779,120.30084908746132,13.213683075957857,2.252400835103524,15.46608391106138,122.58302637175959,109.98792868420466,13.692077374002874,6.729544537238876,20.42162191124175
20250842,61,global_lhs,global_lhs,relay,False,True,120.0824515348012,131.41578694038287,0.07390914900808798,0.4721370251684953,0.5460461741765833,358.7855405081327,117.96652991993317,20.181084097485844,16.04005214812011,36.221136245605955,18.21110395101965,106.97845198799365,12.103124561782657,8.970749577909555,21.07387413969221
20250842,62,global_lhs,global_lhs,relay,False,True,46.18489833347717,78.02099210151046,0.8044646198981642,0.4602166974259538,1.264681317324118,325.99530954671843,72.12393833165474,10.928877797946559,0.10628581271573864,11.035163610662297,62.5689474466384,115.58405982339085,32.17027515935732,0.3651293409604185,32.53540450031773
20250842,63,global_lhs,global_lhs,relay,False,True,93.70988898488038,101.64757818363972,0.11070739489136061,2.094875421193997,2.2055828160853577,122.40652726906475,122.9500284877524,4.192436018086912,2.7900647477268166,6.982500765813729,209.7095280777994,84.51702930072531,9.130504136946486,6.130904875556224,15.26140901250271
20250842,64,global_lhs,global_lhs,relay,False,True,215.1986209037001,102.89625065934354,0.6426592103156761,10.814093305082606,11.456752515398282,133.6590672020635,91.40982928168279,18.559686544969004,12.519318848022742,31.079005392991746,228.50897171955765,116.82320321776031,13.314211944358512,8.120943607397518,21.43515555175603
20250842,65,global_lhs,global_lhs,overlap_relay,False,True,230.56273169114863,137.2294479685307,1.56513887715894,0.19314854351262806,1.7582874206715682,203.43978504106,128.6966240016063,5.221943609278842,2.473450010698556,7.695393619977398,116.33115093778017,125.93204780330126,1.329255542239165,0.3479780132848831,1.677233555524048
20250842,66,global_lhs,global_lhs,relay,False,True,84.34077465790307,93.26018284708636,0.17614705163856084,0.1512731188415317,0.32742017048009253,290.80150579911634,103.52614513995323,43.75223644052052,1.1260116548923158,44.878248095412836,249.65190402570533,95.16454933321887,4.9151172880716345,2.148079419148899,7.063196707220534
20250842,67,global_lhs,global_lhs,relay,False,True,289.9461242489548,90.22361493036183,0.17096266104182667,1.5269858848868951,1.6979485459287218,73.61865254295058,133.61336241158494,12.607605989165053,8.674647746685837,21.28225373585089,233.37918938306453,138.34075227326213,63.36952736986801,1.1051435525708653,64.47467092243888
20250842,68,global_lhs,global_lhs,relay,False,True,19.871891408915438,116.25578521003945,0.5265192086006358,2.9452461950499296,3.4717654036505654,268.88573326849905,91.1325698779569,24.648243070187963,10.672918757380497,35.32116182756846,11.036900654012426,118.69568225180745,24.135445526100778,2.9801078787262893,27.115553404827068
20250842,69,global_lhs,global_lhs,relay,False,True,183.9413779499904,129.3226047901422,0.9534357488582619,3.693115797338837,4.646551546197099,55.22189956613088,84.85838188434093,12.582954795914931,12.155516824658191,24.738471620573122,241.87585275651747,75.20258018547855,8.275286629756227,1.7139623684358967,9.989248998192124
20250842,70,global_lhs,global_lhs,relay,False,True,352.0204232263722,87.78698953629724,3.817543326814701,3.225258950521085,7.042802277335786,6.711665652542628,131.7404083239906,6.252322125758283,3.2296584190003474,9.481980544758631,104.7454192019179,104.65640528262628,42.12358357531518,11.00463200801217,53.128215583327346
20250842,71,global_lhs,global_lhs,relay,False,True,258.5401338623535,106.80961138694992,0.4236097050825798,4.590568653999289,5.0141783590818685,234.783071331642,106.19580821954575,31.427510919562092,1.9465364899987534,33.374047409560845,302.8733808419157,98.75810885747994,47.34830753128456,0.6101089787158801,47.95841651000044
20250843,0,single_library,single_library,relay,False,True,6.906577184376861,139.85140242271135,0.0003391909523734471,0.7137227062659653,0.7140618972183388,239.120076885245,139.91900390807683,3.729322096589062,7.439939668308655,11.169261764897717,151.88203737591184,127.4974682018873,41.431346935902106,11.808171725476106,53.23951866137821
20250843,1,single_library,single_library,relay,False,True,6.890913502410902,139.95348376831427,0.000558806146369828,0.7137792226860321,0.7143380288324019,238.98597982611386,139.9248078005273,3.738715571991129,7.445808317219662,11.18452388921079,151.88405342087898,128.23912644945324,41.1410783161513,11.794401186831701,52.935479502983
20250843,2,single_library,single_library,relay,False,True,6.898584674354742,139.9789680239913,0.0005410787541493267,0.7133615234877568,0.7139026022419062,239.33938467904326,139.93415388059276,3.713132093445836,7.430586484585108,11.143718578030944,151.88597986287033,128.17717070923018,41.167258877364674,11.797829546702527,52.9650884240672
20250843,3,single_library,single_library,relay,False,True,6.906577184376861,139.85140242271135,0.0003391909523734471,0.7137227062659653,0.7140618972183388,239.33938467904326,139.93415388059276,3.713132093445836,7.430586484585108,11.143718578030944,151.89049296525226,128.39196839245156,41.10436471058635,11.78068878846852,52.88505349905488
20250843,4,single_library,single_library,relay,False,True,6.906577184376861,139.85140242271135,0.0003391909523734471,0.7137227062659653,0.7140618972183388,239.16242459749503,139.9164583430774,3.726181811028283,7.438330147198162,11.164511958226445,151.88405342087898,128.23912644945324,41.1410783161513,11.794401186831701,52.935479502983
20250843,5,single_library,single_library,relay,False,True,6.901852721201663,139.95354143961873,0.00015828881413537665,0.7136606103054681,0.7138188991196035,239.0247083131978,139.9463151495139,3.734423586582464,7.443878003435978,11.178301590018442,151.88191703866153,127.74628321459795,41.3290113060559,11.806741071758816,53.13575237781471
20250843,6,single_library,single_library,relay,False,True,6.901659003201749,139.94808612508317,0.0003797124855604572,0.7134905893593868,0.7138703018449473,239.120076885245,139.91900390807683,3.729322096589062,7.439939668308655,11.169261764897717,151.88850270884464,128.1776153356285,41.18111327220002,11.788491728900201,52.96960500110022
20250843,7,single_library,single_library,relay,False,True,6.890913502410902,139.95348376831427,0.000558806146369828,0.7137792226860321,0.7143380288324019,239.33938467904326,139.93415388059276,3.713132093445836,7.430586484585108,11.143718578030944,151.88850270884464,128.1776153356285,41.18111327220002,11.788491728900201,52.96960500110022
20250843,8,single_library,single_library,relay,False,True,6.890913502410902,139.95348376831427,0.000558806146369828,0.7137792226860321,0.7143380288324019,238.98597982611386,139.9248078005273,3.738715571991129,7.445808317219662,11.18452388921079,151.89049296525226,128.39196839245156,41.10436471058635,11.78068878846852,52.88505349905488
20250843,9,single_library,single_library,relay,False,True,6.890913502410902,139.95348376831427,0.000558806146369828,0.7137792226860321,0.7143380288324019,239.0247083131978,139.9463151495139,3.734423586582464,7.443878003435978,11.178301590018442,151.88850270884464,128.1776153356285,41.18111327220002,11.788491728900201,52.96960500110022
20250843,10,single_library,single_library,relay,False,True,6.906577184376861,139.85140242271135,0.0003391909523734471,0.7137227062659653,0.7140618972183388,239.33938467904326,139.93415388059276,3.713132093445836,7.430586484585108,11.143718578030944,151.88597986287033,128.17717070923018,41.167258877364674,11.797829546702527,52.9650884240672
20250843,11,single_library,single_library,relay,False,True,6.898584674354742,139.9789680239913,0.0005410787541493267,0.7133615234877568,0.7139026022419062,238.98597982611386,139.9248078005273,3.738715571991129,7.445808317219662,11.18452388921079,151.88203737591184,127.4974682018873,41.431346935902106,11.808171725476106,53.23951866137821
20250843,12,single_library,single_library,relay,False,True,6.890913502410902,139.95348376831427,0.000558806146369828,0.7137792226860321,0.7143380288324019,239.11347532622278,139.9194007346513,3.729811752946633,7.440190456414745,11.170002209361378,151.88191703866153,127.74628321459795,41.3290113060559,11.806741071758816,53.13575237781471
20250843,13,single_library,single_library,relay,False,True,6.8914302654840895,139.95019075178766,0.0007892025208394715,0.7135749357386584,0.7143641382594978,238.98597982611386,139.9248078005273,3.738715571991129,7.445808317219662,11.18452388921079,151.88850270884464,128.1776153356285,41.18111327220002,11.788491728900201,52.96960500110022
20250843,14,single_library,single_library,relay,False,True,6.901852721201663,139.95354143961873,0.00015828881413537665,0.7136606103054681,0.7138188991196035,238.98597982611386,139.9248078005273,3.738715571991129,7.445808317219662,11.18452388921079,151.88191703866153,127.74628321459795,41.3290113060559,11.806741071758816,53.13575237781471
20250843,15,single_library,single_library,relay,False,True,6.890913502410902,139.95348376831427,0.000558806146369828,0.7137792226860321,0.7143380288324019,239.16242459749503,139.9164583430774,3.726181811028283,7.438330147198162,11.164511958226445,151.88597986287033,128.17717070923018,41.167258877364674,11.797829546702527,52.9650884240672
20250843,16,single_library,single_library,relay,False,True,6.890913502410902,139.95348376831427,0.000558806146369828,0.7137792226860321,0.7143380288324019,239.33938467904326,139.93415388059276,3.713132093445836,7.430586484585108,11.143718578030944,151.88405342087898,128.23912644945324,41.1410783161513,11.794401186831701,52.935479502983
20250843,17,single_library,single_library,relay,False,True,6.890913502410902,139.95348376831427,0.000558806146369828,0.7137792226860321,0.7143380288324019,239.33938467904326,139.93415388059276,3.713132093445836,7.430586484585108,11.143718578030944,151.88191703866153,127.74628321459795,41.3290113060559,11.806741071758816,53.13575237781471
20250843,18,single_library,single_library,relay,False,True,6.906577184376861,139.85140242271135,0.0003391909523734471,0.7137227062659653,0.7140618972183388,239.120076885245,139.91900390807683,3.729322096589062,7.439939668308655,11.169261764897717,151.88191703866153,127.74628321459795,41.3290113060559,11.806741071758816,53.13575237781471
20250843,19,single_library,single_library,relay,False,True,6.890913502410902,139.95348376831427,0.000558806146369828,0.7137792226860321,0.7143380288324019,239.11347532622278,139.9194007346513,3.729811752946633,7.440190456414745,11.170002209361378,151.88203737591184,127.4974682018873,41.431346935902106,11.808171725476106,53.23951866137821
20250843,20,single_library,single_library,relay,False,True,6.890913502410902,139.95348376831427,0.000558806146369828,0.7137792226860321,0.7143380288324019,239.120076885245,139.91900390807683,3.729322096589062,7.439939668308655,11.169261764897717,151.88850270884464,128.1776153356285,41.18111327220002,11.788491728900201,52.96960500110022
20250843,21,single_library,single_library,relay,False,True,6.906577184376861,139.85140242271135,0.0003391909523734471,0.7137227062659653,0.7140618972183388,239.11347532622278,139.9194007346513,3.729811752946633,7.440190456414745,11.170002209361378,151.88405342087898,128.23912644945324,41.1410783161513,11.794401186831701,52.935479502983
20250843,22,single_library,single_library,relay,False,True,6.8914302654840895,139.95019075178766,0.0007892025208394715,0.7135749357386584,0.7143641382594978,239.16242459749503,139.9164583430774,3.726181811028283,7.438330147198162,11.164511958226445,151.88405342087898,128.23912644945324,41.1410783161513,11.794401186831701,52.935479502983
20250843,23,single_library,single_library,relay,False,True,6.901852721201663,139.95354143961873,0.00015828881413537665,0.7136606103054681,0.7138188991196035,239.120076885245,139.91900390807683,3.729322096589062,7.439939668308655,11.169261764897717,151.88405342087898,128.23912644945324,41.1410783161513,11.794401186831701,52.935479502983
20250843,24,single_library,single_library,relay,False,True,6.890913502410902,139.95348376831427,0.000558806146369828,0.7137792226860321,0.7143380288324019,239.11347532622278,139.9194007346513,3.729811752946633,7.440190456414745,11.170002209361378,151.89049296525226,128.39196839245156,41.10436471058635,11.78068878846852,52.88505349905488
20250843,25,single_library,single_library,relay,False,True,6.901659003201749,139.94808612508317,0.0003797124855604572,0.7134905893593868,0.7138703018449473,239.11347532622278,139.9194007346513,3.729811752946633,7.440190456414745,11.170002209361378,151.88203737591184,127.4974682018873,41.431346935902106,11.808171725476106,53.23951866137821
20250843,26,single_library,single_library,relay,False,True,6.898584674354742,139.9789680239913,0.0005410787541493267,0.7133615234877568,0.7139026022419062,239.11347532622278,139.9194007346513,3.729811752946633,7.440190456414745,11.170002209361378,151.88203737591184,127.4974682018873,41.431346935902106,11.808171725476106,53.23951866137821
20250843,27,single_library,single_library,relay,False,True,6.906577184376861,139.85140242271135,0.0003391909523734471,0.7137227062659653,0.7140618972183388,239.0247083131978,139.9463151495139,3.734423586582464,7.443878003435978,11.178301590018442,151.88850270884464,128.1776153356285,41.18111327220002,11.788491728900201,52.96960500110022
20250843,28,single_library,single_library,relay,False,True,6.901659003201749,139.94808612508317,0.0003797124855604572,0.7134905893593868,0.7138703018449473,239.11347532622278,139.9194007346513,3.729811752946633,7.440190456414745,11.170002209361378,151.88191703866153,127.74628321459795,41.3290113060559,11.806741071758816,53.13575237781471
20250843,29,single_library,single_library,relay,False,True,6.901852721201663,139.95354143961873,0.00015828881413537665,0.7136606103054681,0.7138188991196035,239.33938467904326,139.93415388059276,3.713132093445836,7.430586484585108,11.143718578030944,151.88405342087898,128.23912644945324,41.1410783161513,11.794401186831701,52.935479502983
20250843,30,single_library,single_library,relay,False,True,6.8914302654840895,139.95019075178766,0.0007892025208394715,0.7135749357386584,0.7143641382594978,239.0247083131978,139.9463151495139,3.734423586582464,7.443878003435978,11.178301590018442,151.89049296525226,128.39196839245156,41.10436471058635,11.78068878846852,52.88505349905488
20250843,31,single_library,single_library,relay,False,True,6.901852721201663,139.95354143961873,0.00015828881413537665,0.7136606103054681,0.7138188991196035,239.16242459749503,139.9164583430774,3.726181811028283,7.438330147198162,11.164511958226445,151.88203737591184,127.4974682018873,41.431346935902106,11.808171725476106,53.23951866137821
20250843,32,single_library,single_library,relay,False,True,6.901659003201749,139.94808612508317,0.0003797124855604572,0.7134905893593868,0.7138703018449473,239.16242459749503,139.9164583430774,3.726181811028283,7.438330147198162,11.164511958226445,151.88203737591184,127.4974682018873,41.431346935902106,11.808171725476106,53.23951866137821
20250843,33,single_library,single_library,relay,False,True,6.906577184376861,139.85140242271135,0.0003391909523734471,0.7137227062659653,0.7140618972183388,239.0247083131978,139.9463151495139,3.734423586582464,7.443878003435978,11.178301590018442,151.89049296525226,128.39196839245156,41.10436471058635,11.78068878846852,52.88505349905488
20250843,34,single_library,single_library,relay,False,True,6.906577184376861,139.85140242271135,0.0003391909523734471,0.7137227062659653,0.7140618972183388,239.11347532622278,139.9194007346513,3.729811752946633,7.440190456414745,11.170002209361378,151.88850270884464,128.1776153356285,41.18111327220002,11.788491728900201,52.96960500110022
20250843,35,single_library,single_library,relay,False,True,6.901852721201663,139.95354143961873,0.00015828881413537665,0.7136606103054681,0.7138188991196035,239.16242459749503,139.9164583430774,3.726181811028283,7.438330147198162,11.164511958226445,151.88850270884464,128.1776153356285,41.18111327220002,11.788491728900201,52.96960500110022
20250843,36,single_library,single_library,relay,False,True,6.8914302654840895,139.95019075178766,0.0007892025208394715,0.7135749357386584,0.7143641382594978,239.33938467904326,139.93415388059276,3.713132093445836,7.430586484585108,11.143718578030944,151.88850270884464,128.1776153356285,41.18111327220002,11.788491728900201,52.96960500110022
20250843,37,single_library,single_library,relay,False,True,6.898584674354742,139.9789680239913,0.0005410787541493267,0.7133615234877568,0.7139026022419062,238.98597982611386,139.9248078005273,3.738715571991129,7.445808317219662,11.18452388921079,151.88850270884464,128.1776153356285,41.18111327220002,11.788491728900201,52.96960500110022
20250843,38,single_library,single_library,relay,False,True,6.901852721201663,139.95354143961873,0.00015828881413537665,0.7136606103054681,0.7138188991196035,239.33938467904326,139.93415388059276,3.713132093445836,7.430586484585108,11.143718578030944,151.88191703866153,127.74628321459795,41.3290113060559,11.806741071758816,53.13575237781471
20250843,39,single_library,single_library,relay,False,True,6.890913502410902,139.95348376831427,0.000558806146369828,0.7137792226860321,0.7143380288324019,239.33938467904326,139.93415388059276,3.713132093445836,7.430586484585108,11.143718578030944,151.88597986287033,128.17717070923018,41.167258877364674,11.797829546702527,52.9650884240672
20250843,40,single_library,single_library,relay,False,True,6.901659003201749,139.94808612508317,0.0003797124855604572,0.7134905893593868,0.7138703018449473,239.0247083131978,139.9463151495139,3.734423586582464,7.443878003435978,11.178301590018442,151.88191703866153,127.74628321459795,41.3290113060559,11.806741071758816,53.13575237781471
20250843,41,single_library,single_library,relay,False,True,6.901852721201663,139.95354143961873,0.00015828881413537665,0.7136606103054681,0.7138188991196035,239.120076885245,139.91900390807683,3.729322096589062,7.439939668308655,11.169261764897717,151.88850270884464,128.1776153356285,41.18111327220002,11.788491728900201,52.96960500110022
20250843,42,single_library,single_library,relay,False,True,6.901659003201749,139.94808612508317,0.0003797124855604572,0.7134905893593868,0.7138703018449473,238.98597982611386,139.9248078005273,3.738715571991129,7.445808317219662,11.18452388921079,151.88850270884464,128.1776153356285,41.18111327220002,11.788491728900201,52.96960500110022
20250843,43,single_library,single_library,relay,False,True,6.8914302654840895,139.95019075178766,0.0007892025208394715,0.7135749357386584,0.7143641382594978,239.11347532622278,139.9194007346513,3.729811752946633,7.440190456414745,11.170002209361378,151.89049296525226,128.39196839245156,41.10436471058635,11.78068878846852,52.88505349905488
20250843,44,single_library,single_library,relay,False,True,6.898584674354742,139.9789680239913,0.0005410787541493267,0.7133615234877568,0.7139026022419062,239.120076885245,139.91900390807683,3.729322096589062,7.439939668308655,11.169261764897717,151.88850270884464,128.1776153356285,41.18111327220002,11.788491728900201,52.96960500110022
20250843,45,single_library,single_library,relay,False,True,6.901852721201663,139.95354143961873,0.00015828881413537665,0.7136606103054681,0.7138188991196035,239.120076885245,139.91900390807683,3.729322096589062,7.439939668308655,11.169261764897717,151.88191703866153,127.74628321459795,41.3290113060559,11.806741071758816,53.13575237781471
20250843,46,single_library,single_library,relay,False,True,6.890913502410902,139.95348376831427,0.000558806146369828,0.7137792226860321,0.7143380288324019,239.0247083131978,139.9463151495139,3.734423586582464,7.443878003435978,11.178301590018442,151.88597986287033,128.17717070923018,41.167258877364674,11.797829546702527,52.9650884240672
20250843,47,single_library,single_library,relay,False,True,6.901659003201749,139.94808612508317,0.0003797124855604572,0.7134905893593868,0.7138703018449473,239.16242459749503,139.9164583430774,3.726181811028283,7.438330147198162,11.164511958226445,151.88191703866153,127.74628321459795,41.3290113060559,11.806741071758816,53.13575237781471
20250843,48,single_library,single_library,relay,False,True,6.898584674354742,139.9789680239913,0.0005410787541493267,0.7133615234877568,0.7139026022419062,239.120076885245,139.91900390807683,3.729322096589062,7.439939668308655,11.169261764897717,151.88191703866153,127.74628321459795,41.3290113060559,11.806741071758816,53.13575237781471
20250843,49,single_library,single_library,relay,False,True,6.901852721201663,139.95354143961873,0.00015828881413537665,0.7136606103054681,0.7138188991196035,239.16242459749503,139.9164583430774,3.726181811028283,7.438330147198162,11.164511958226445,151.89049296525226,128.39196839245156,41.10436471058635,11.78068878846852,52.88505349905488
20250843,50,global_lhs,global_lhs,relay,False,True,216.58907376226028,86.86838200728769,0.13787540299501833,0.8808195199793553,1.0186949229743736,112.0380214368518,101.26047924765459,18.29265986563517,8.176939839641019,26.469599705276188,168.56041513317913,97.08987771293079,2.1709380890331875,10.059215879565512,12.2301539685987
20250843,51,global_lhs,global_lhs,relay,False,True,342.21009918192846,126.76656299229388,2.402868820403687,0.64486711885447,3.047735939258157,65.71986964432033,103.27765307832252,41.0970966984132,2.5229935146889093,43.62009021310211,81.58969061628281,82.85531931296454,42.2689568089913,4.457038523272724,46.72599533226402
20250843,52,global_lhs,global_lhs,relay,False,True,251.71232187200755,101.24564172696422,0.4150082157541226,0.9351399075647673,1.35014812331889,187.71717851196073,129.4551307382404,14.831614058066716,14.084764428710528,28.916378486777244,163.20706824590636,104.39179415490025,28.26717753634427,4.7685045417728364,33.035682078117105
20250843,53,global_lhs,global_lhs,relay,False,True,235.41595703138992,103.27839950821534,0.543087561527253,2.3485520777471693,2.8916396392744224,134.26712869833193,83.67649267325538,21.030534019566346,6.379675593850922,27.41020961341727,314.85821606100563,138.86866427124727,28.175683954729337,10.297795033910818,38.47347898864015
20250843,54,global_lhs,global_lhs,relay,False,True,312.1621033844538,102.30627697547357,0.9887608077596007,0.6533504443990675,1.6421112521586683,249.25693970187004,132.16920218743536,3.1873585217883864,8.44298685214453,11.630345373932917,121.05770378534284,119.78664695132822,52.963785873541,2.5526632970126744,55.51644917055367
20250843,55,global_lhs,global_lhs,relay,False,True,45.193970596514376,121.56812531540685,1.6072622632727198,0.21629530434247202,1.8235575676151918,226.2439008512051,97.13125617056069,20.5538468630044,10.661426281778667,31.215273144783065,138.40728710910892,137.99179025245684,36.446178356324836,5.6025875145609865,42.04876587088582
20250843,56,global_lhs,global_lhs,other,False,True,8.534275189223749,85.50297846738314,11.932536113218523,1.771705655468246,13.704241768686769,174.4704818600698,91.78099886607296,15.168133718323855,14.613867242622138,29.782000960945993,338.1128355417977,129.33311790273436,24.541849502531143,3.577969269432786,28.119818771963928
20250843,57,global_lhs,global_lhs,relay,False,True,74.84647203589577,94.89248373698646,2.581936661406339,3.9914751989906034,6.573411860396942,119.9123294942128,117.79085901122149,39.672653450699784,7.3572175586415085,47.02987100934129,176.05041358025707,111.71967712898532,41.034436606486345,11.188923544473392,52.223360150959735
20250843,58,global_lhs,global_lhs,relay,False,True,132.1685199161538,125.84805102943197,2.8416186199389886,5.6997518506435485,8.541370470582537,17.893048157306936,74.96552095607508,7.073748502714976,13.7054938560064,20.779242358721376,235.05538516970037,120.66930288709116,14.43540615726499,10.203916794442767,24.639322951707758
20250843,59,global_lhs,global_lhs,relay,False,True,128.3195488145512,98.52679203713328,7.1314953035195146,1.3503274354678914,8.481822738987406,210.85571682659426,87.14529552502691,40.13293712186262,10.000908042959813,50.13384516482243,324.0048485280134,81.11087527859448,19.08097956566509,1.6185361184120153,20.699515684077106
20250843,60,global_lhs,global_lhs,relay,False,True,164.15405198116008,104.52347760327478,2.810932185903181,4.922580960013099,7.73351314591628,324.55701146846263,125.37013658812717,14.881750525401468,12.0488648988681,26.93061542426957,61.28633301747969,136.46101924671186,19.52931721849538,11.067958995324135,30.597276213819516
20250843,61,global_lhs,global_lhs,relay,False,True,289.2826302595454,115.42977004796674,2.8386751375832127,1.5622491640324727,4.400924301615685,166.83985599192007,109.85805054487119,44.40793811875584,4.068420783633841,48.47635890238968,257.5219340345689,135.4067179582879,48.956667338142616,3.082901304726353,52.03956864286897
20250843,62,global_lhs,global_lhs,overlap_relay,False,True,353.13623252330575,132.41991993357684,0.4668135078920521,8.28202462610711,8.748838133999163,97.67912344390388,115.01369454686147,21.984770579137297,9.658687789373769,31.643458368511066,253.84576970866775,94.87960396475333,0.4620343476721338,8.330846789091812,8.792881136763945
20250843,63,global_lhs,global_lhs,overlap_relay,False,True,270.2599342415704,121.26697636007785,11.599694926161444,0.09229034762198685,11.69198527378343,207.92202047487754,80.21096273990884,1.7363014193437007,1.7179914792517477,3.4542928985954484,190.92614651753567,125.9662467410941,1.8653817237647718,8.749910349633444,10.615292073398216
20250843,64,global_lhs,global_lhs,relay,False,True,299.1907952765255,114.04331635133323,5.127383240030874,2.0670398720840355,7.19442311211491,273.33351626495227,82.81641664925408,23.63550835926409,15.40592723555243,39.04143559481652,57.124781291435816,113.68913140779274,30.822355594215907,10.776224998307727,41.59858059252363
20250843,65,global_lhs,global_lhs,redundant,False,True,50.77035796400854,106.8247874399166,3.0119161627541864,10.440905846502229,13.452822009256415,292.3532593321607,73.04135141244167,4.998680183374572,7.55839867061466,12.557078853989232,233.32071623294308,116.63048221407989,7.940775738696081,6.457931254240222,14.398706992936303
20250843,66,global_lhs,global_lhs,relay,False,True,60.25735719688514,90.84305850473247,1.4208006164366855,4.320183320514908,5.740983936951594,260.0959141511569,131.11374024033137,1.7396191649957244,0.7896586572044063,2.5292778222001306,333.265120409009,81.97488355170724,46.891786370938036,9.609272903699996,56.50105927463803
20250843,67,global_lhs,global_lhs,relay,False,True,268.3562477481017,107.52763080025656,0.22209062062441198,10.242191911642184,10.464282532266596,28.80733579764943,112.06350542637415,7.7415666514660355,8.912088249040691,16.653654900506726,293.00931511337154,124.20799169956936,58.364677463013386,5.211630900937675,63.576308363951064
20250843,68,global_lhs,global_lhs,relay,False,True,38.96479678234387,92.80200604159856,5.372096442617742,2.8325555281579913,8.204651970775734,164.88318730540388,77.01002181719413,33.68680667654711,2.3090779141791344,35.99588459072624,16.38437434427789,76.22498123613342,0.19794480458399732,0.24531271769807367,0.443257522282071
20250843,69,global_lhs,global_lhs,relay,False,True,259.36032434524833,78.199805976461,8.680751780175775,4.108738743551359,12.789490523727133,76.08514309895784,101.0662275377093,3.3418977294927674,0.7848491858392587,4.126746915332026,23.005830970450948,105.41479519578975,12.59616862049741,9.060734726528407,21.656903347025818
20250843,70,global_lhs,global_lhs,relay,False,True,106.40707025630486,117.21894597551665,4.769024602566556,4.3539919207147575,9.123016523281313,309.9549845664478,85.42578890948135,21.262922249175997,7.2670744514813075,28.529996700657303,272.46351959687837,98.41187646314361,16.563443643980143,9.139786812485776,25.70323045646592
20250843,71,global_lhs,global_lhs,overlap_relay,False,True,328.3990822112466,109.68588150953286,4.955645113764925,0.34425437192239405,5.29989948568732,304.10888799355456,104.3330813850491,35.70489986773901,8.593846280557697,44.29874614829671,351.0099160924267,127.29832919103512,1.7388505406867498,4.470593403975111,6.209443944661861
