missile,window_left_s,window_right_s,time_s,margin_m
M1,4.5475308076,11.1207137823,4.5475308076,-1.5108386906663807
M1,4.5475308076,11.1207137823,4.5975308076,-1.2953716789835763
M1,4.5475308076,11.1207137823,4.6475308076,-1.0797768150319609
M1,4.5475308076,11.1207137823,4.6975308076,-0.8640570853367251
M1,4.5475308076,11.1207137823,4.7475308076,-0.6482157669970814
M1,4.5475308076,11.1207137823,4.797530807599999,-0.43225645832200676
M1,4.5475308076,11.1207137823,4.847530807599999,-0.21618311355356568
M1,4.5475308076,11.1207137823,4.897530807599999,-8.197966927525613e-08
M1,4.5475308076,11.1207137823,4.947530807599999,0.21628784753606212
M1,4.5475308076,11.1207137823,4.997530807599999,0.4326753960387819
M1,4.5475308076,11.1207137823,5.0475308075999985,0.6491567370025955
M1,4.5475308076,11.1207137823,5.097530807599998,0.8657254303691797
M1,4.5475308076,11.1207137823,5.147530807599998,1.082374347155481
M1,4.5475308076,11.1207137823,5.197530807599998,1.2990955826106205
M1,4.5475308076,11.1207137823,5.247530807599998,1.5158803561474041
M1,4.5475308076,11.1207137823,5.297530807599998,1.7327188953670234
M1,4.5475308076,11.1207137823,5.347530807599997,1.949600169486084
M1,4.5475308076,11.1207137823,5.397530807599997,2.1665111234904497
M1,4.5475308076,11.1207137823,5.447530807599997,2.383439108517206
M1,4.5475308076,11.1207137823,5.497530807599997,2.600368791623808
M1,4.5475308076,11.1207137823,5.547530807599997,2.8172829019322014
M1,4.5475308076,11.1207137823,5.5975308075999965,3.034161928618296
M1,4.5475308076,11.1207137823,5.647530807599996,3.2509837611855996
M1,4.5475308076,11.1207137823,5.697530807599996,3.4677232589958926
M1,4.5475308076,11.1207137823,5.747530807599996,3.6843517334347444
M1,4.5475308076,11.1207137823,5.797530807599996,3.9008363216166044
M1,4.5475308076,11.1207137823,5.847530807599996,4.117139204404364
M1,4.5475308076,11.1207137823,5.8975308075999955,4.333215227902858
M1,4.5475308076,11.1207137823,5.947530807599995,4.549015199758186
M1,4.5475308076,11.1207137823,5.997530807599995,4.76447999221089
M1,4.5475308076,11.1207137823,6.047530807599995,4.979540257580513
M1,4.5475308076,11.1207137823,6.097530807599995,5.194114190654131
M1,4.5475308076,11.1207137823,6.147530807599995,5.408104691155052
M1,4.5475308076,11.1207137823,6.197530807599994,5.621394184660927
M1,4.5475308076,11.1207137823,6.247530807599994,5.833844163379492
M1,4.5475308076,11.1207137823,6.297530807599994,6.0452857116635315
M1,4.5475308076,11.1207137823,6.347530807599994,6.255511814819094
M1,4.5475308076,11.1207137823,6.397530807599994,6.464265640260675
M1,4.5475308076,11.1207137823,6.4475308075999935,6.67122993709545
M1,4.5475308076,11.1207137823,6.497530807599993,6.876006075141426
M1,4.5475308076,11.1207137823,6.547530807599993,7.078084746347915
M1,4.5475308076,11.1207137823,6.597530807599993,7.276815648844693
M1,4.5475308076,11.1207137823,6.647530807599993,7.471353849274479
M1,4.5475308076,11.1207137823,6.697530807599993,7.660593087480301
M1,4.5475308076,11.1207137823,6.7475308075999925,7.8430723488318925
M1,4.5475308076,11.1207137823,6.797530807599992,8.013484114530604
M1,4.5475308076,11.1207137823,6.847530807599992,8.169015330742402
M1,4.5475308076,11.1207137823,6.897530807599992,8.310148803073094
M1,4.5475308076,11.1207137823,6.947530807599992,8.432900431098378
M1,4.5475308076,11.1207137823,6.997530807599992,8.532556317518953
M1,4.5475308076,11.1207137823,7.047530807599991,8.604059921112366
M1,4.5475308076,11.1207137823,7.097530807599991,8.64285113933875
M1,4.5475308076,11.1207137823,7.147530807599991,8.646011008833206
M1,4.5475308076,11.1207137823,7.197530807599991,8.61319347927898
M1,4.5475308076,11.1207137823,7.247530807599991,8.546736680328669
M1,4.5475308076,11.1207137823,7.2975308075999905,8.45087582768622
M1,4.5475308076,11.1207137823,7.34753080759999,8.330627660760358
M1,4.5475308076,11.1207137823,7.39753080759999,4.66846215797335
M1,4.5475308076,11.1207137823,7.44753080759999,3.119080469990025
M1,4.5475308076,11.1207137823,7.49753080759999,3.3405020054748418
M1,4.5475308076,11.1207137823,7.54753080759999,3.562084963587349
M1,4.5475308076,11.1207137823,7.5975308075999894,3.7838251893433075
M1,4.5475308076,11.1207137823,7.647530807599989,4.005717812406605
M1,4.5475308076,11.1207137823,7.697530807599989,4.227757107588315
M1,4.5475308076,11.1207137823,7.747530807599989,4.449936321782916
M1,4.5475308076,11.1207137823,7.797530807599989,4.6722474573385915
M1,4.5475308076,11.1207137823,7.847530807599989,4.894680061480598
M1,4.5475308076,11.1207137823,7.897530807599988,5.117222842952369
M1,4.5475308076,11.1207137823,7.947530807599988,5.339862821152157
M1,4.5475308076,11.1207137823,7.997530807599988,5.562583376820273
M1,4.5475308076,11.1207137823,8.047530807599987,5.785364214438049
M1,4.5475308076,11.1207137823,8.097530807599988,6.008180332601205
M1,4.5475308076,11.1207137823,8.147530807599988,6.231000628697581
M1,4.5475308076,11.1207137823,8.197530807599987,6.453784256933197
M1,4.5475308076,11.1207137823,8.247530807599986,6.6764811744589005
M1,4.5475308076,11.1207137823,8.297530807599987,6.8990285374370774
M1,4.5475308076,11.1207137823,8.347530807599988,7.121341442257226
M1,4.5475308076,11.1207137823,8.397530807599987,7.343301626380555
M1,4.5475308076,11.1207137823,8.447530807599986,7.564759065867242
M1,4.5475308076,11.1207137823,8.497530807599986,7.785489007978979
M1,4.5475308076,11.1207137823,8.547530807599987,8.005179166207856
M1,4.5475308076,11.1207137823,8.597530807599986,8.223355437071685
M1,4.5475308076,11.1207137823,8.647530807599985,8.439277303571028
M1,4.5475308076,11.1207137823,8.697530807599986,8.651730013567095
M1,4.5475308076,11.1207137823,8.747530807599986,8.858573709770488
M1,4.5475308076,11.1207137823,8.797530807599985,9.05564418166322
M1,4.5475308076,11.1207137823,8.847530807599984,9.161833532178997
M1,4.5475308076,11.1207137823,8.897530807599985,9.199464201491994
M1,4.5475308076,11.1207137823,8.947530807599986,9.177358095812593
M1,4.5475308076,11.1207137823,8.997530807599984,9.100112436253447
M1,4.5475308076,11.1207137823,9.047530807599983,8.980165918411588
M1,4.5475308076,11.1207137823,9.097530807599984,8.798224889157323
M1,4.5475308076,11.1207137823,9.147530807599985,8.604557079624099
M1,4.5475308076,11.1207137823,9.197530807599984,8.405256980288069
M1,4.5475308076,11.1207137823,9.247530807599983,8.202122485417034
M1,4.5475308076,11.1207137823,9.297530807599983,7.996259892453363
M1,4.5475308076,11.1207137823,9.347530807599984,7.788366897370013
M1,4.5475308076,11.1207137823,9.397530807599983,7.57891550826278
M1,4.5475308076,11.1207137823,9.447530807599982,7.368226834752285
M1,4.5475308076,11.1207137823,9.497530807599983,7.156526364776575
M1,4.5475308076,11.1207137823,9.547530807599983,6.9439819692929685
M1,4.5475308076,11.1207137823,9.597530807599982,6.73071677556289
M1,4.5475308076,11.1207137823,9.647530807599981,6.516823863584962
M1,4.5475308076,11.1207137823,9.697530807599982,6.302374933502266
M1,4.5475308076,11.1207137823,9.747530807599983,6.087425866085624
M1,4.5475308076,11.1207137823,9.797530807599982,5.872020557681617
M1,4.5475308076,11.1207137823,9.84753080759998,5.656195424468116
M1,4.5475308076,11.1207137823,9.897530807599981,5.4399792401153615
M1,4.5475308076,11.1207137823,9.947530807599982,5.223395512961495
M1,4.5475308076,11.1207137823,9.997530807599981,5.006463607089513
M1,4.5475308076,11.1207137823,10.04753080759998,4.789199589371144
M1,4.5475308076,11.1207137823,10.09753080759998,4.571616877345885
M1,4.5475308076,11.1207137823,10.147530807599981,4.353726740394715
M1,4.5475308076,11.1207137823,10.19753080759998,4.135538691427088
M1,4.5475308076,11.1207137823,10.24753080759998,3.917060795985397
M1,4.5475308076,11.1207137823,10.29753080759998,3.6982999183007
M1,4.5475308076,11.1207137823,10.34753080759998,3.4792619188255864
M1,4.5475308076,11.1207137823,10.39753080759998,3.2599518140006145
M1,4.5475308076,11.1207137823,10.447530807599978,3.040373906422083
M1,4.5475308076,11.1207137823,10.49753080759998,2.8205318800501704
M1,4.5475308076,11.1207137823,10.54753080759998,2.6004288848093156
M1,4.5475308076,11.1207137823,10.597530807599979,2.3800677175014666
M1,4.5475308076,11.1207137823,10.647530807599978,2.1594507213361904
M1,4.5475308076,11.1207137823,10.697530807599978,1.9385799062805553
M1,4.5475308076,11.1207137823,10.74753080759998,1.717456992237981
M1,4.5475308076,11.1207137823,10.797530807599978,-5.942759692808538
M1,4.5475308076,11.1207137823,10.847530807599977,-inf
M1,4.5475308076,11.1207137823,10.897530807599978,-inf
M1,4.5475308076,11.1207137823,10.947530807599978,-inf
M1,4.5475308076,11.1207137823,10.997530807599977,-inf
M1,4.5475308076,11.1207137823,11.047530807599976,-inf
M1,4.5475308076,11.1207137823,11.097530807599977,-inf
M1,4.5475308076,11.1207137823,11.1207137823,-inf
M1,16.3755538192,20.682151169,16.3755538192,-1.4026717586065036
M1,16.3755538192,20.682151169,16.4255538192,-1.202807777261679
M1,16.3755538192,20.682151169,16.4755538192,-1.002771255213851
M1,16.3755538192,20.682151169,16.525553819200002,-0.8025618727157884
M1,16.3755538192,20.682151169,16.575553819200003,-0.6021793353995228
M1,16.3755538192,20.682151169,16.625553819200004,-0.4016253697470997
M1,16.3755538192,20.682151169,16.675553819200005,-0.2008994975602043
M1,16.3755538192,20.682151169,16.725553819200005,1.4714896856560244e-07
M1,16.3755538192,20.682151169,16.775553819200006,0.20107372136163448
M1,16.3755538192,20.682151169,16.825553819200007,0.4023213435315416
M1,16.3755538192,20.682151169,16.875553819200007,0.6037430805641186
M1,16.3755538192,20.682151169,16.925553819200008,0.8053389486703573
M1,16.3755538192,20.682151169,16.97555381920001,1.007108901271872
M1,16.3755538192,20.682151169,17.02555381920001,1.20905282878428
M1,16.3755538192,20.682151169,17.07555381920001,1.4111705410014732
M1,16.3755538192,20.682151169,17.12555381920001,1.61346176623349
M1,16.3755538192,20.682151169,17.17555381920001,1.8159261334488832
M1,16.3755538192,20.682151169,17.225553819200012,2.0185631645058155
M1,16.3755538192,20.682151169,17.275553819200013,2.2213722560355595
M1,16.3755538192,20.682151169,17.325553819200014,2.4243526630488583
M1,16.3755538192,20.682151169,17.375553819200015,2.6275034795360552
M1,16.3755538192,20.682151169,17.425553819200015,2.830823610000391
M1,16.3755538192,20.682151169,17.475553819200016,3.034311751186033
M1,16.3755538192,20.682151169,17.525553819200017,3.237966349776018
M1,16.3755538192,20.682151169,17.575553819200017,3.441785564906101
M1,16.3755538192,20.682151169,17.625553819200018,3.6457672239509
M1,16.3755538192,20.682151169,17.67555381920002,3.8499087651553685
M1,16.3755538192,20.682151169,17.72555381920002,4.054207166746141
M1,16.3755538192,20.682151169,17.77555381920002,4.258658867884876
M1,16.3755538192,20.682151169,17.82555381920002,4.463252736045676
M1,16.3755538192,20.682151169,17.87555381920002,4.667988026133297
M1,16.3755538192,20.682151169,17.925553819200022,4.872860889720126
M1,16.3755538192,20.682151169,17.975553819200023,5.077864224666499
M1,16.3755538192,20.682151169,18.025553819200024,5.282989553386026
M1,16.3755538192,20.682151169,18.075553819200024,5.488226700571715
M1,16.3755538192,20.682151169,18.125553819200025,5.693563380932044
M1,16.3755538192,20.682151169,18.175553819200026,5.89898468079858
M1,16.3755538192,20.682151169,18.225553819200027,6.104472348064565
M1,16.3755538192,20.682151169,18.275553819200027,6.310003858777645
M1,16.3755538192,20.682151169,18.325553819200028,6.515538650244089
M1,16.3755538192,20.682151169,18.37555381920003,6.721044462745743
M1,16.3755538192,20.682151169,18.42555381920003,6.926482996274409
M1,16.3755538192,20.682151169,18.47555381920003,7.1317954717314365
M1,16.3755538192,20.682151169,18.52555381920003,7.206000065595787
M1,16.3755538192,20.682151169,18.57555381920003,7.012003760122922
M1,16.3755538192,20.682151169,18.625553819200032,6.817462671069753
M1,16.3755538192,20.682151169,18.675553819200033,6.622438143674336
M1,16.3755538192,20.682151169,18.725553819200034,6.426972988130075
M1,16.3755538192,20.682151169,18.775553819200034,6.23109903268254
M1,16.3755538192,20.682151169,18.825553819200035,6.034859842659343
M1,16.3755538192,20.682151169,18.875553819200036,5.8382797973611
M1,16.3755538192,20.682151169,18.925553819200037,5.6413787947447815
M1,16.3755538192,20.682151169,18.975553819200037,5.444173204521642
M1,16.3755538192,20.682151169,19.025553819200038,5.246676589660237
M1,16.3755538192,20.682151169,19.07555381920004,5.048900250014057
M1,16.3755538192,20.682151169,19.12555381920004,4.850853657280203
M1,16.3755538192,20.682151169,19.17555381920004,4.652544779825691
M1,16.3755538192,20.682151169,19.22555381920004,4.453980351970103
M1,16.3755538192,20.682151169,19.27555381920004,4.255166076479521
M1,16.3755538192,20.682151169,19.325553819200042,4.056105356692805
M1,16.3755538192,20.682151169,19.375553819200043,3.8567997357500037
M1,16.3755538192,20.682151169,19.425553819200044,3.6572571893951302
M1,16.3755538192,20.682151169,19.475553819200044,3.4574806672331055
M1,16.3755538192,20.682151169,19.525553819200045,3.257472680313489
M1,16.3755538192,20.682151169,19.575553819200046,3.0572353588237986
M1,16.3755538192,20.682151169,19.625553819200046,2.8567705075902268
M1,16.3755538192,20.682151169,19.675553819200047,2.656079645306554
M1,16.3755538192,20.682151169,19.725553819200048,2.4551640430773274
M1,16.3755538192,20.682151169,19.77555381920005,2.254024756602755
M1,16.3755538192,20.682151169,19.82555381920005,2.052662650530668
M1,16.3755538192,20.682151169,19.87555381920005,1.8510784211124722
M1,16.3755538192,20.682151169,19.92555381920005,1.6492726174356687
M1,16.3755538192,20.682151169,19.97555381920005,1.447245655575319
M1,16.3755538192,20.682151169,20.025553819200052,1.244997834882481
M1,16.3755538192,20.682151169,20.075553819200053,1.0425293510733162
M1,16.3755538192,20.682151169,20.125553819200054,0.839840303352533
M1,16.3755538192,20.682151169,20.175553819200054,0.6369307080078652
M1,16.3755538192,20.682151169,20.225553819200055,0.43380050563287575
M1,16.3755538192,20.682151169,20.275553819200056,0.23044956595051858
M1,16.3755538192,20.682151169,20.325553819200056,0.02687769786085603
M1,16.3755538192,20.682151169,20.375553819200057,-0.17691534654559327
M1,16.3755538192,20.682151169,20.425553819200058,-0.3809298679796935
M1,16.3755538192,20.682151169,20.47555381920006,-0.5851662135761835
M1,16.3755538192,20.682151169,20.52555381920006,-0.7896247744186393
M1,16.3755538192,20.682151169,20.57555381920006,-0.994305981463107
M1,16.3755538192,20.682151169,20.62555381920006,-1.1992103015633617
M1,16.3755538192,20.682151169,20.67555381920006,-1.4043382364448433
M1,16.3755538192,20.682151169,20.682151169,-1.4314209783990801
M1,23.2792980806,27.533654739800003,23.2792980806,-1.840290605858467
M1,23.2792980806,27.533654739800003,23.3292980806,-1.5786094539238498
M1,23.2792980806,27.533654739800003,23.3792980806,-1.3165244759668884
M1,23.2792980806,27.533654739800003,23.429298080600002,-1.0540344161312998
M1,23.2792980806,27.533654739800003,23.479298080600003,-0.7911380483513959
M1,23.2792980806,27.533654739800003,23.529298080600004,-0.5278341813516754
M1,23.2792980806,27.533654739800003,23.579298080600005,-0.2641216640590862
M1,23.2792980806,27.533654739800003,23.629298080600005,6.076996399428936e-07
M1,23.2792980806,27.533654739800003,23.679298080600006,0.2645336836717931
M1,23.2792980806,27.533654739800003,23.729298080600007,0.5294785503107899
M1,23.2792980806,27.533654739800003,23.779298080600007,0.7948361200356615
M1,23.2792980806,27.533654739800003,23.829298080600008,1.0606072190267817
M1,23.2792980806,27.533654739800003,23.87929808060001,1.3267925720511702
M1,23.2792980806,27.533654739800003,23.92929808060001,1.5933927850922203
M1,23.2792980806,27.533654739800003,23.97929808060001,1.8604083236469169
M1,23.2792980806,27.533654739800003,24.02929808060001,2.127839487149161
M1,23.2792980806,27.533654739800003,24.07929808060001,2.395686377574365
M1,23.2792980806,27.533654739800003,24.129298080600012,2.6639482132526906
M1,23.2792980806,27.533654739800003,24.179298080600013,2.9326248215026336
M1,23.2792980806,27.533654739800003,24.229298080600014,3.2017158092699782
M1,23.2792980806,27.533654739800003,24.279298080600014,3.4712199956708787
M1,23.2792980806,27.533654739800003,24.329298080600015,3.741135689520304
M1,23.2792980806,27.533654739800003,24.379298080600016,4.0114605703677455
M1,23.2792980806,27.533654739800003,24.429298080600017,4.28219153473399
M1,23.2792980806,27.533654739800003,24.479298080600017,4.553324495854679
M1,23.2792980806,27.533654739800003,24.529298080600018,4.824854119821675
M1,23.2792980806,27.533654739800003,24.57929808060002,5.096773471978444
M1,23.2792980806,27.533654739800003,24.62929808060002,5.369073537793514
M1,23.2792980806,27.533654739800003,24.67929808060002,5.641742561310812
M1,23.2792980806,27.533654739800003,24.72929808060002,5.914765115458069
M1,23.2792980806,27.533654739800003,24.77929808060002,6.188120769782255
M1,23.2792980806,27.533654739800003,24.829298080600022,6.461782133821249
M1,23.2792980806,27.533654739800003,24.879298080600023,6.735711910571114
M1,23.2792980806,27.533654739800003,24.929298080600024,7.009856247186423
M1,23.2792980806,27.533654739800003,24.979298080600024,7.284141469167806
M1,23.2792980806,27.533654739800003,25.029298080600025,7.558461196933457
M1,23.2792980806,27.533654739800003,25.079298080600026,7.832651554281989
M1,23.2792980806,27.533654739800003,25.129298080600027,8.106452304116221
M1,23.2792980806,27.533654739800003,25.179298080600027,8.37941617741664
M1,23.2792980806,27.533654739800003,25.229298080600028,8.650756424523689
M1,23.2792980806,27.533654739800003,25.27929808060003,8.918866845294449
M1,23.2792980806,27.533654739800003,25.32929808060003,9.119278705158203
M1,23.2792980806,27.533654739800003,25.37929808060003,9.251783218378845
M1,23.2792980806,27.533654739800003,25.42929808060003,9.296169441167132
M1,23.2792980806,27.533654739800003,25.47929808060003,9.099132665169606
M1,23.2792980806,27.533654739800003,25.529298080600032,8.857248531937028
M1,23.2792980806,27.533654739800003,25.579298080600033,8.607725604906214
M1,23.2792980806,27.533654739800003,25.629298080600034,8.353853950676564
M1,23.2792980806,27.533654739800003,25.679298080600034,8.097199528875795
M1,23.2792980806,27.533654739800003,25.729298080600035,7.838589779868698
M1,23.2792980806,27.533654739800003,25.779298080600036,7.57850937336447
M1,23.2792980806,27.533654739800003,25.829298080600037,7.317247145116117
M1,23.2792980806,27.533654739800003,25.879298080600037,7.054998324791522
M1,23.2792980806,27.533654739800003,25.929298080600038,6.791890675070212
M1,23.2792980806,27.533654739800003,25.97929808060004,6.528013157914263
M1,23.2792980806,27.533654739800003,26.02929808060004,6.263428221185891
M1,23.2792980806,27.533654739800003,26.07929808060004,5.998183197173348
M1,23.2792980806,27.533654739800003,26.12929808060004,5.73231334563084
M1,23.2792980806,27.533654739800003,26.17929808060004,5.46584476446801
M1,23.2792980806,27.533654739800003,26.229298080600042,5.198797402291199
M1,23.2792980806,27.533654739800003,26.279298080600043,4.931186646883167
M1,23.2792980806,27.533654739800003,26.329298080600044,4.663024445356422
M1,23.2792980806,27.533654739800003,26.379298080600044,4.3943201093010185
M1,23.2792980806,27.533654739800003,26.429298080600045,4.125080903581254
M1,23.2792980806,27.533654739800003,26.479298080600046,3.8553124835315353
M1,23.2792980806,27.533654739800003,26.529298080600046,3.58501922426247
M1,23.2792980806,27.533654739800003,26.579298080600047,3.3142044718364128
M1,23.2792980806,27.533654739800003,26.629298080600048,3.0428707113553335
M1,23.2792980806,27.533654739800003,26.67929808060005,2.7710195712092256
M1,23.2792980806,27.533654739800003,26.72929808060005,2.49865259594352
M1,23.2792980806,27.533654739800003,26.77929808060005,2.22577057221506
M1,23.2792980806,27.533654739800003,26.82929808060005,1.952373892987323
M1,23.2792980806,27.533654739800003,26.87929808060005,1.6784626187366865
M1,23.2792980806,27.533654739800003,26.929298080600052,1.4040365272533908
M1,23.2792980806,27.533654739800003,26.979298080600053,1.1290951544502565
M1,23.2792980806,27.533654739800003,27.029298080600054,0.8536378280053398
M1,23.2792980806,27.533654739800003,27.079298080600054,0.5776636952654997
M1,23.2792980806,27.533654739800003,27.129298080600055,0.30117174651955025
M1,23.2792980806,27.533654739800003,27.179298080600056,0.024160834505998707
M1,23.2792980806,27.533654739800003,27.229298080600056,-0.2533703091479147
M1,23.2792980806,27.533654739800003,27.279298080600057,-7.854856707363993
M1,23.2792980806,27.533654739800003,27.329298080600058,-inf
M1,23.2792980806,27.533654739800003,27.37929808060006,-inf
M1,23.2792980806,27.533654739800003,27.42929808060006,-inf
M1,23.2792980806,27.533654739800003,27.47929808060006,-inf
M1,23.2792980806,27.533654739800003,27.52929808060006,-inf
M1,23.2792980806,27.533654739800003,27.533654739800003,-inf
M1,54.2098688388,56.2858948398,54.2098688388,-0.760891669782854
M1,54.2098688388,56.2858948398,54.259868838799996,-0.6491840964756701
M1,54.2098688388,56.2858948398,54.30986883879999,-0.5384110946837453
M1,54.2098688388,56.2858948398,54.35986883879999,-0.42860250151415435
M1,54.2098688388,56.2858948398,54.40986883879999,-0.31984387276995463
M1,54.2098688388,56.2858948398,54.459868838799984,-0.21215581502884007
M1,54.2098688388,56.2858948398,54.50986883879998,-0.10552994827891382
M1,54.2098688388,56.2858948398,54.55986883879998,-3.1134113243069805e-07
M1,54.2098688388,56.2858948398,54.609868838799976,0.10430942931173703
M1,54.2098688388,56.2858948398,54.65986883879997,0.2074370609999061
M1,54.2098688388,56.2858948398,54.70986883879997,0.30935745498024403
M1,54.2098688388,56.2858948398,54.75986883879997,0.41001235259931157
M1,54.2098688388,56.2858948398,54.809868838799964,0.5092956348651771
M1,54.2098688388,56.2858948398,54.85986883879996,0.6072502269909315
M1,54.2098688388,56.2858948398,54.90986883879996,0.7038340498331959
M1,54.2098688388,56.2858948398,54.959868838799956,0.7989490046715435
M1,54.2098688388,56.2858948398,55.00986883879995,0.8925494320875789
M1,54.2098688388,56.2858948398,55.05986883879995,0.9846435166220342
M1,54.2098688388,56.2858948398,55.10986883879995,1.0751845399208015
M1,54.2098688388,56.2858948398,55.159868838799945,1.1640313005281477
M1,54.2098688388,56.2858948398,55.20986883879994,1.2512053978299242
M1,54.2098688388,56.2858948398,55.25986883879994,1.3256523223074943
M1,54.2098688388,56.2858948398,55.309868838799936,1.2368907845539105
M1,54.2098688388,56.2858948398,55.35986883879993,1.1464299046483504
M1,54.2098688388,56.2858948398,55.40986883879993,1.0543467541797558
M1,54.2098688388,56.2858948398,55.45986883879993,0.9607314171004937
M1,54.2098688388,56.2858948398,55.509868838799925,0.8656309298300631
M1,54.2098688388,56.2858948398,55.55986883879992,0.7690119591774494
M1,54.2098688388,56.2858948398,55.60986883879992,0.6709749145471893
M1,54.2098688388,56.2858948398,55.659868838799916,0.5715886553293004
M1,54.2098688388,56.2858948398,55.70986883879991,0.47089532202367046
M1,54.2098688388,56.2858948398,55.75986883879991,0.36884578720207983
M1,54.2098688388,56.2858948398,55.80986883879991,0.26556170476103524
M1,54.2098688388,56.2858948398,55.859868838799905,0.16109171892517438
M1,54.2098688388,56.2858948398,55.9098688387999,0.055468961079768064
M1,54.2098688388,56.2858948398,55.9598688387999,-0.051358031466316234
M1,54.2098688388,56.2858948398,56.009868838799896,-0.15926054543099788
M1,54.2098688388,56.2858948398,56.05986883879989,-0.2682047555299363
M1,54.2098688388,56.2858948398,56.10986883879989,-0.37817548730145845
M1,54.2098688388,56.2858948398,56.15986883879989,-0.4891978166159099
M1,54.2098688388,56.2858948398,56.209868838799885,-0.6011649972099242
M1,54.2098688388,56.2858948398,56.25986883879988,-0.71404749162512
M1,54.2098688388,56.2858948398,56.2858948398,-0.7731577789025454
M2,6.6769658970000005,11.2644839239,6.6769658970000005,-inf
M2,6.6769658970000005,11.2644839239,6.726965897,-inf
M2,6.6769658970000005,11.2644839239,6.776965897,-inf
M2,6.6769658970000005,11.2644839239,6.826965897,-inf
M2,6.6769658970000005,11.2644839239,6.876965897,-inf
M2,6.6769658970000005,11.2644839239,6.926965897,-inf
M2,6.6769658970000005,11.2644839239,6.9769658969999995,-inf
M2,6.6769658970000005,11.2644839239,7.026965896999999,-5.697831344519955e-07
M2,6.6769658970000005,11.2644839239,7.076965896999999,0.19472598504103367
M2,6.6769658970000005,11.2644839239,7.126965896999999,0.38948148925337733
M2,6.6769658970000005,11.2644839239,7.176965896999999,0.584258585382516
M2,6.6769658970000005,11.2644839239,7.226965896999999,0.7790492407597753
M2,6.6769658970000005,11.2644839239,7.276965896999998,0.9738446782292343
M2,6.6769658970000005,11.2644839239,7.326965896999998,1.168635294799314
M2,6.6769658970000005,11.2644839239,7.376965896999998,1.3634105629079283
M2,6.6769658970000005,11.2644839239,7.426965896999998,1.5581589289591768
M2,6.6769658970000005,11.2644839239,7.476965896999998,1.7528676908845942
M2,6.6769658970000005,11.2644839239,7.5269658969999975,1.947522857485131
M2,6.6769658970000005,11.2644839239,7.576965896999997,2.1421087627085145
M2,6.6769658970000005,11.2644839239,7.626965896999997,2.3365951651595136
M2,6.6769658970000005,11.2644839239,7.676965896999997,2.5309759473603153
M2,6.6769658970000005,11.2644839239,7.726965896999997,2.7252300637305256
M2,6.6769658970000005,11.2644839239,7.776965896999997,2.919334100588765
M2,6.6769658970000005,11.2644839239,7.8269658969999965,3.1132619363641254
M2,6.6769658970000005,11.2644839239,7.876965896999996,3.306984362037886
M2,6.6769658970000005,11.2644839239,7.926965896999996,3.5004686257447
M2,6.6769658970000005,11.2644839239,7.976965896999996,3.6936718361583374
M2,6.6769658970000005,11.2644839239,8.026965896999997,3.886544773334885
M2,6.6769658970000005,11.2644839239,8.076965896999996,4.079053048155337
M2,6.6769658970000005,11.2644839239,8.126965896999994,4.27114322012122
M2,6.6769658970000005,11.2644839239,8.176965896999995,4.462754425835831
M2,6.6769658970000005,11.2644839239,8.226965896999996,4.653817097301942
M2,6.6769658970000005,11.2644839239,8.276965896999995,4.8442328007190065
M2,6.6769658970000005,11.2644839239,8.326965896999994,5.033918642661987
M2,6.6769658970000005,11.2644839239,8.376965896999994,5.222775759051264
M2,6.6769658970000005,11.2644839239,8.426965896999995,5.410680327609354
M2,6.6769658970000005,11.2644839239,8.476965896999994,5.597471939160908
M2,6.6769658970000005,11.2644839239,8.526965896999993,5.782975731267146
M2,6.6769658970000005,11.2644839239,8.576965896999994,5.967010129142432
M2,6.6769658970000005,11.2644839239,8.626965896999994,6.149331835512865
M2,6.6769658970000005,11.2644839239,8.676965896999993,6.2351305040676595
M2,6.6769658970000005,11.2644839239,8.726965896999992,6.303574240829881
M2,6.6769658970000005,11.2644839239,8.776965896999993,6.362564714239732
M2,6.6769658970000005,11.2644839239,8.826965896999994,6.4115926494783615
M2,6.6769658970000005,11.2644839239,8.876965896999993,6.450201701992491
M2,6.6769658970000005,11.2644839239,8.926965896999992,6.478005304462358
M2,6.6769658970000005,11.2644839239,8.976965896999992,6.494702184380043
M2,6.6769658970000005,11.2644839239,9.026965896999993,6.500089142010184
M2,6.6769658970000005,11.2644839239,9.076965896999992,6.494026335770074
M2,6.6769658970000005,11.2644839239,9.126965896999991,6.476543346211799
M2,6.6769658970000005,11.2644839239,9.176965896999992,6.4477158176851725
M2,6.6769658970000005,11.2644839239,9.226965896999992,6.40772528453507
M2,6.6769658970000005,11.2644839239,9.276965896999991,6.356848536350441
M2,6.6769658970000005,11.2644839239,9.32696589699999,6.182411039858243
M2,6.6769658970000005,11.2644839239,9.376965896999991,5.993078688290564
M2,6.6769658970000005,11.2644839239,9.426965896999992,5.803136669105568
M2,6.6769658970000005,11.2644839239,9.47696589699999,5.612642959671373
M2,6.6769658970000005,11.2644839239,9.52696589699999,5.421650107027573
M2,6.6769658970000005,11.2644839239,9.57696589699999,5.230208672101379
M2,6.6769658970000005,11.2644839239,9.626965896999991,5.038331218799012
M2,6.6769658970000005,11.2644839239,9.67696589699999,4.846068917613737
M2,6.6769658970000005,11.2644839239,9.726965896999989,4.6534453625257175
M2,6.6769658970000005,11.2644839239,9.77696589699999,4.460468702153003
M2,6.6769658970000005,11.2644839239,9.82696589699999,4.267163934513044
M2,6.6769658970000005,11.2644839239,9.87696589699999,4.073552022526091
M2,6.6769658970000005,11.2644839239,9.926965896999988,3.879646102390587
M2,6.6769658970000005,11.2644839239,9.976965896999989,3.6854576492654925
M2,6.6769658970000005,11.2644839239,10.02696589699999,3.4909852104952543
M2,6.6769658970000005,11.2644839239,10.076965896999988,3.29624869503784
M2,6.6769658970000005,11.2644839239,10.126965896999987,3.10125700886136
M2,6.6769658970000005,11.2644839239,10.176965896999988,2.9060169847198
M2,6.6769658970000005,11.2644839239,10.226965896999989,2.710534670488233
M2,6.6769658970000005,11.2644839239,10.276965896999988,2.5148154286686557
M2,6.6769658970000005,11.2644839239,10.326965896999987,2.3188640226548562
M2,6.6769658970000005,11.2644839239,10.376965896999987,2.122677892317231
M2,6.6769658970000005,11.2644839239,10.426965896999988,1.9262662658605727
M2,6.6769658970000005,11.2644839239,10.476965896999987,1.7296342168263568
M2,6.6769658970000005,11.2644839239,10.526965896999986,1.532784716066919
M2,6.6769658970000005,11.2644839239,10.576965896999987,1.3357204128215745
M2,6.6769658970000005,11.2644839239,10.626965896999987,1.1384436669537426
M2,6.6769658970000005,11.2644839239,10.676965896999986,0.9409565834667308
M2,6.6769658970000005,11.2644839239,10.726965896999985,0.7432610350552142
M2,6.6769658970000005,11.2644839239,10.776965896999986,0.5453586872329357
M2,6.6769658970000005,11.2644839239,10.826965896999987,0.34725101832203364
M2,6.6769658970000005,11.2644839239,10.876965896999986,0.14893933832470374
M2,6.6769658970000005,11.2644839239,10.926965896999985,-0.049577790055472803
M2,6.6769658970000005,11.2644839239,10.976965896999985,-0.24829929423355068
M2,6.6769658970000005,11.2644839239,11.026965896999986,-0.44722156226536036
M2,6.6769658970000005,11.2644839239,11.076965896999985,-0.6463438259918561
M2,6.6769658970000005,11.2644839239,11.126965896999984,-0.8456654231128731
M2,6.6769658970000005,11.2644839239,11.176965896999985,-1.0451857848136061
M2,6.6769658970000005,11.2644839239,11.226965896999985,-1.2449044316382096
M2,6.6769658970000005,11.2644839239,11.2644839239,-1.3948953920667133
M2,13.8470614116,22.0238033906,13.8470614116,-1.4304652891348706
M2,13.8470614116,22.0238033906,13.897061411600001,-1.22662058687812
M2,13.8470614116,22.0238033906,13.947061411600002,-1.0226050661758705
M2,13.8470614116,22.0238033906,13.997061411600003,-0.8184194263569093
M2,13.8470614116,22.0238033906,14.047061411600003,-0.6140644751852555
M2,13.8470614116,22.0238033906,14.097061411600004,-0.40954114302652656
M2,13.8470614116,22.0238033906,14.147061411600005,-0.20485049381726306
M2,13.8470614116,22.0238033906,14.197061411600005,1.0803341865539551e-07
M2,13.8470614116,22.0238033906,14.247061411600006,0.20501513553689144
M2,13.8470614116,22.0238033906,14.297061411600007,0.41019311783801626
M2,13.8470614116,22.0238033906,14.347061411600007,0.6155322742406639
M2,13.8470614116,22.0238033906,14.397061411600008,0.8210305914818345
M2,13.8470614116,22.0238033906,14.447061411600009,1.0266858007070194
M2,13.8470614116,22.0238033906,14.49706141160001,1.232495343283924
M2,13.8470614116,22.0238033906,14.54706141160001,1.438456339668008
M2,13.8470614116,22.0238033906,14.597061411600011,1.6445655422192118
M2,13.8470614116,22.0238033906,14.647061411600012,1.8508192924324725
M2,13.8470614116,22.0238033906,14.697061411600012,2.0572134653147307
M2,13.8470614116,22.0238033906,14.747061411600013,2.263743404756668
M2,13.8470614116,22.0238033906,14.797061411600014,2.4704038491459857
M2,13.8470614116,22.0238033906,14.847061411600015,2.6771888465522
M2,13.8470614116,22.0238033906,14.897061411600015,2.8840916479247083
M2,13.8470614116,22.0238033906,14.947061411600016,3.0911026064037905
M2,13.8470614116,22.0238033906,14.997061411600017,3.2982053206696307
M2,13.8470614116,22.0238033906,15.047061411600017,3.5053988782047183
M2,13.8470614116,22.0238033906,15.097061411600018,3.7126718329879624
M2,13.8470614116,22.0238033906,15.147061411600019,3.9200110492573375
M2,13.8470614116,22.0238033906,15.19706141160002,4.127401399483063
M2,13.8470614116,22.0238033906,15.24706141160002,4.334825399001731
M2,13.8470614116,22.0238033906,15.297061411600021,4.54226275821363
M2,13.8470614116,22.0238033906,15.347061411600022,4.749689824107832
M2,13.8470614116,22.0238033906,15.397061411600022,4.957075502233729
M2,13.8470614116,22.0238033906,15.447061411600023,5.16437377914665
M2,13.8470614116,22.0238033906,15.497061411600024,5.3715611194801705
M2,13.8470614116,22.0238033906,15.547061411600025,5.5785911998741975
M2,13.8470614116,22.0238033906,15.597061411600025,5.785408405408142
M2,13.8470614116,22.0238033906,15.647061411600026,5.9919454562159045
M2,13.8470614116,22.0238033906,15.697061411600027,6.1981021408136145
M2,13.8470614116,22.0238033906,15.747061411600027,6.403780064174805
M2,13.8470614116,22.0238033906,15.797061411600028,6.608865249405143
M2,13.8470614116,22.0238033906,15.847061411600029,6.799025140160284
M2,13.8470614116,22.0238033906,15.89706141160003,6.861129492260086
M2,13.8470614116,22.0238033906,15.94706141160003,6.910510002642765
M2,13.8470614116,22.0238033906,15.997061411600031,6.946481840718611
M2,13.8470614116,22.0238033906,16.047061411600033,6.968483974022428
M2,13.8470614116,22.0238033906,16.09706141160003,6.976096760842923
M2,13.8470614116,22.0238033906,16.147061411600035,6.8110347322000795
M2,13.8470614116,22.0238033906,16.197061411600032,6.6092070591455165
M2,13.8470614116,22.0238033906,16.247061411600036,6.407151057380142
M2,13.8470614116,22.0238033906,16.297061411600033,6.204864964898426
M2,13.8470614116,22.0238033906,16.347061411600038,6.002357585365093
M2,13.8470614116,22.0238033906,16.397061411600035,5.799630343444212
M2,13.8470614116,22.0238033906,16.44706141160004,5.596684248387915
M2,13.8470614116,22.0238033906,16.497061411600036,5.393519983347548
M2,13.8470614116,22.0238033906,16.54706141160004,5.190137969987595
M2,13.8470614116,22.0238033906,16.597061411600038,4.986538423885099
M2,13.8470614116,22.0238033906,16.647061411600042,4.782721389074865
M2,13.8470614116,22.0238033906,16.69706141160004,4.57868677470999
M2,13.8470614116,22.0238033906,16.747061411600043,4.3744343729090795
M2,13.8470614116,22.0238033906,16.79706141160004,4.1699638823484255
M2,13.8470614116,22.0238033906,16.847061411600045,3.9652749212519556
M2,13.8470614116,22.0238033906,16.897061411600042,3.7603670399604914
M2,13.8470614116,22.0238033906,16.947061411600046,3.5552397292632234
M2,13.8470614116,22.0238033906,16.997061411600043,3.349892433241447
M2,13.8470614116,22.0238033906,17.047061411600048,3.1443245507288644
M2,13.8470614116,22.0238033906,17.097061411600045,2.938535444979668
M2,13.8470614116,22.0238033906,17.14706141160005,2.7325244440244427
M2,13.8470614116,22.0238033906,17.197061411600046,2.526290847837231
M2,13.8470614116,22.0238033906,17.24706141160005,2.3198339315734504
M2,13.8470614116,22.0238033906,17.297061411600048,2.113152946185676
M2,13.8470614116,22.0238033906,17.347061411600052,1.9062471224079314
M2,13.8470614116,22.0238033906,17.39706141160005,1.699115671236866
M2,13.8470614116,22.0238033906,17.447061411600053,1.4917577884013689
M2,13.8470614116,22.0238033906,17.49706141160005,1.2841726518974603
M2,13.8470614116,22.0238033906,17.547061411600055,1.076359427075424
M2,13.8470614116,22.0238033906,17.597061411600052,0.8683160986862877
M2,13.8470614116,22.0238033906,17.647061411600056,0.6600419898662402
M2,13.8470614116,22.0238033906,17.697061411600053,0.4515372595116425
M2,13.8470614116,22.0238033906,17.747061411600058,0.24280102173579543
M2,13.8470614116,22.0238033906,17.797061411600055,0.23672202588270075
M2,13.8470614116,22.0238033906,17.84706141160006,0.2860357417485808
M2,13.8470614116,22.0238033906,17.897061411600056,0.33992495437891
M2,13.8470614116,22.0238033906,17.94706141160006,0.38659088515475126
M2,13.8470614116,22.0238033906,17.997061411600058,0.43574447954759954
M2,13.8470614116,22.0238033906,18.047061411600062,0.4848490652882642
M2,13.8470614116,22.0238033906,18.09706141160006,0.5363673374120665
M2,13.8470614116,22.0238033906,18.147061411600063,0.5892585819156739
M2,13.8470614116,22.0238033906,18.19706141160006,0.692573197273413
M2,13.8470614116,22.0238033906,18.247061411600065,0.8774130650973682
M2,13.8470614116,22.0238033906,18.297061411600062,1.0554832730205845
M2,13.8470614116,22.0238033906,18.347061411600066,1.2377701525269114
M2,13.8470614116,22.0238033906,18.397061411600063,1.4171705893179087
M2,13.8470614116,22.0238033906,18.447061411600068,1.5917544267005752
M2,13.8470614116,22.0238033906,18.497061411600065,1.8296723022426065
M2,13.8470614116,22.0238033906,18.54706141160007,2.06992484281861
M2,13.8470614116,22.0238033906,18.597061411600066,2.309722863257141
M2,13.8470614116,22.0238033906,18.64706141160007,2.548986178477066
M2,13.8470614116,22.0238033906,18.697061411600068,2.787621409339291
M2,13.8470614116,22.0238033906,18.747061411600072,3.0255210632984664
M2,13.8470614116,22.0238033906,18.79706141160007,3.2625728692397375
M2,13.8470614116,22.0238033906,18.847061411600073,3.498641343828152
M2,13.8470614116,22.0238033906,18.89706141160007,3.73357071129851
M2,13.8470614116,22.0238033906,18.947061411600075,3.967179069733959
M2,13.8470614116,22.0238033906,18.997061411600072,4.199250713189201
M2,13.8470614116,22.0238033906,19.047061411600076,4.429552427857142
M2,13.8470614116,22.0238033906,19.097061411600073,4.657801501707004
M2,13.8470614116,22.0238033906,19.147061411600077,4.883660267596834
M2,13.8470614116,22.0238033906,19.197061411600075,5.0882419219557375
M2,13.8470614116,22.0238033906,19.24706141160008,5.280813837018496
M2,13.8470614116,22.0238033906,19.297061411600076,5.467824855781511
M2,13.8470614116,22.0238033906,19.34706141160008,5.648499613111338
M2,13.8470614116,22.0238033906,19.397061411600077,5.821936463110053
M2,13.8470614116,22.0238033906,19.44706141160008,5.987126790508915
M2,13.8470614116,22.0238033906,19.49706141160008,6.142935554066968
M2,13.8470614116,22.0238033906,19.547061411600083,6.288091480971323
M2,13.8470614116,22.0238033906,19.59706141160008,6.421212002697441
M2,13.8470614116,22.0238033906,19.647061411600085,6.540818632075485
M2,13.8470614116,22.0238033906,19.69706141160008,6.645364100572305
M2,13.8470614116,22.0238033906,19.747061411600086,6.7332989152964
M2,13.8470614116,22.0238033906,19.797061411600083,6.803145074685984
M2,13.8470614116,22.0238033906,19.847061411600087,6.853574717177934
M2,13.8470614116,22.0238033906,19.897061411600085,6.883516916773658
M2,13.8470614116,22.0238033906,19.94706141160009,6.892224468302409
M2,13.8470614116,22.0238033906,19.997061411600086,6.879344000331624
M2,13.8470614116,22.0238033906,20.04706141160009,6.844908301687102
M2,13.8470614116,22.0238033906,20.097061411600087,6.789262080771906
M2,13.8470614116,22.0238033906,20.14706141160009,6.712864186639175
M2,13.8470614116,22.0238033906,20.19706141160009,6.615545230007635
M2,13.8470614116,22.0238033906,20.247061411600093,6.471298604972068
M2,13.8470614116,22.0238033906,20.29706141160009,6.29852848504715
M2,13.8470614116,22.0238033906,20.347061411600095,6.116043950067333
M2,13.8470614116,22.0238033906,20.39706141160009,5.925723175945503
M2,13.8470614116,22.0238033906,20.447061411600096,5.728781316674748
M2,13.8470614116,22.0238033906,20.497061411600093,5.5261324196038055
M2,13.8470614116,22.0238033906,20.547061411600097,5.318510075063095
M2,13.8470614116,22.0238033906,20.597061411600095,5.106519316656861
M2,13.8470614116,22.0238033906,20.6470614116001,4.890663150020126
M2,13.8470614116,22.0238033906,20.697061411600096,4.6713694736844005
M2,13.8470614116,22.0238033906,20.7470614116001,4.448996536849584
M2,13.8470614116,22.0238033906,20.797061411600097,4.22385334166202
M2,13.8470614116,22.0238033906,20.8470614116001,3.9962051958542615
M2,13.8470614116,22.0238033906,20.8970614116001,3.7662768665254918
M2,13.8470614116,22.0238033906,20.947061411600103,3.5342677603271593
M2,13.8470614116,22.0238033906,20.9970614116001,3.300349967935552
M2,13.8470614116,22.0238033906,21.047061411600104,3.064667941985266
M2,13.8470614116,22.0238033906,21.0970614116001,2.8273563217128457
M2,13.8470614116,22.0238033906,21.147061411600106,2.588525206110601
M2,13.8470614116,22.0238033906,21.197061411600103,2.3482795421266482
M2,13.8470614116,22.0238033906,21.247061411600107,2.106701938625692
M2,13.8470614116,22.0238033906,21.297061411600104,1.8638757475848475
M2,13.8470614116,22.0238033906,21.34706141160011,1.6198699733527224
M2,13.8470614116,22.0238033906,21.397061411600106,1.3747424975724396
M2,13.8470614116,22.0238033906,21.44706141160011,1.1285524110352156
M2,13.8470614116,22.0238033906,21.497061411600107,0.8813487150296293
M2,13.8470614116,22.0238033906,21.54706141160011,0.6331743689817522
M2,13.8470614116,22.0238033906,21.59706141160011,0.3840678723463373
M2,13.8470614116,22.0238033906,21.647061411600113,0.13406688139678735
M2,13.8470614116,22.0238033906,21.69706141160011,-0.11679666156300073
M2,13.8470614116,22.0238033906,21.747061411600114,-0.3684939246735226
M2,13.8470614116,22.0238033906,21.79706141160011,-0.6209994468880939
M2,13.8470614116,22.0238033906,21.847061411600116,-0.8742902575127864
M2,13.8470614116,22.0238033906,21.897061411600113,-1.128343530872577
M2,13.8470614116,22.0238033906,21.947061411600117,-1.3831398711562208
M2,13.8470614116,22.0238033906,21.997061411600114,-1.6386616584271945
M2,13.8470614116,22.0238033906,22.0238033906,-1.77561696474611
M2,54.1610620761,56.2800409579,54.1610620761,-0.7891244823079315
M2,54.1610620761,56.2800409579,54.2110620761,-0.6737306612212102
M2,54.1610620761,56.2800409579,54.261062076099996,-0.5591670716229409
M2,54.1610620761,56.2800409579,54.311062076099994,-0.4454608052003213
M2,54.1610620761,56.2800409579,54.36106207609999,-0.33263993273089554
M2,54.1610620761,56.2800409579,54.41106207609999,-0.22078658674363538
M2,54.1610620761,56.2800409579,54.461062076099985,-0.10990451844866911
M2,54.1610620761,56.2800409579,54.51106207609998,2.0666048072826015e-07
M2,54.1610620761,56.2800409579,54.56106207609998,0.10889527677665356
M2,54.1610620761,56.2800409579,54.61106207609998,0.21673649093328962
M2,54.1610620761,56.2800409579,54.661062076099974,0.3234285094794025
M2,54.1610620761,56.2800409579,54.71106207609997,0.4290054602273319
M2,54.1610620761,56.2800409579,54.76106207609997,0.5334303442726878
M2,54.1610620761,56.2800409579,54.811062076099965,0.6366649355403755
M2,54.1610620761,56.2800409579,54.86106207609996,0.7386227853812102
M2,54.1610620761,56.2800409579,54.91106207609996,0.8388883983657127
M2,54.1610620761,56.2800409579,54.96106207609996,0.9326880270849749
M2,54.1610620761,56.2800409579,55.011062076099954,1.0249118541931654
M2,54.1610620761,56.2800409579,55.06106207609995,1.115495754475761
M2,54.1610620761,56.2800409579,55.11106207609995,1.2044635256151128
M2,54.1610620761,56.2800409579,55.161062076099945,1.2917119629338139
M2,54.1610620761,56.2800409579,55.21106207609994,1.3771574011640624
M2,54.1610620761,56.2800409579,55.26106207609994,1.3478711196355597
M2,54.1610620761,56.2800409579,55.31106207609994,1.256064624705111
M2,54.1610620761,56.2800409579,55.361062076099934,1.1626410305434849
M2,54.1610620761,56.2800409579,55.41106207609993,1.0675977200196591
M2,54.1610620761,56.2800409579,55.46106207609993,0.9710736683391943
M2,54.1610620761,56.2800409579,55.511062076099925,0.8731122207001274
M2,54.1610620761,56.2800409579,55.56106207609992,0.7736434913590777
M2,54.1610620761,56.2800409579,55.61106207609992,0.6728324461473729
M2,54.1610620761,56.2800409579,55.66106207609992,0.5707217778296698
M2,54.1610620761,56.2800409579,55.711062076099914,0.46726187925870555
M2,54.1610620761,56.2800409579,55.76106207609991,0.362558786398564
M2,54.1610620761,56.2800409579,55.81106207609991,0.256678763547848
M2,54.1610620761,56.2800409579,55.861062076099905,0.1495998269990526
M2,54.1610620761,56.2800409579,55.9110620760999,0.04136451847732303
M2,54.1610620761,56.2800409579,55.9610620760999,-0.06793642210193696
M2,54.1610620761,56.2800409579,56.0110620760999,-0.17829970035321807
M2,54.1610620761,56.2800409579,56.061062076099894,-0.28974109320334485
M2,54.1610620761,56.2800409579,56.11106207609989,-0.4021475994935102
M2,54.1610620761,56.2800409579,56.16106207609989,-0.5154928281722757
M2,54.1610620761,56.2800409579,56.211062076099886,-0.6298458887246579
M2,54.1610620761,56.2800409579,56.26106207609988,-0.7450735789350773
M2,54.1610620761,56.2800409579,56.2800409579,-0.7890347177256896
M2,62.0816074252,62.9396945834,62.0816074252,-inf
M2,62.0816074252,62.9396945834,62.131607425199995,-inf
M2,62.0816074252,62.9396945834,62.18160742519999,-12.664384218871309
M2,62.0816074252,62.9396945834,62.23160742519999,-10.366203459700813
M2,62.0816074252,62.9396945834,62.28160742519999,-7.946784592880679
M2,62.0816074252,62.9396945834,62.331607425199984,-5.404512330468366
M2,62.0816074252,62.9396945834,62.38160742519998,-2.7459347237865845
M2,62.0816074252,62.9396945834,62.43160742519998,-4.835848699258349e-07
M2,62.0816074252,62.9396945834,62.481607425199975,2.7320617320939755
M2,62.0816074252,62.9396945834,62.53160742519997,3.242730917080147
M2,62.0816074252,62.9396945834,62.58160742519997,0.49780901449808823
M2,62.0816074252,62.9396945834,62.63160742519997,-2.7606689594914116
M2,62.0816074252,62.9396945834,62.681607425199964,-6.394678079736828
M2,62.0816074252,62.9396945834,62.73160742519996,-10.363001037889262
M2,62.0816074252,62.9396945834,62.78160742519996,-inf
M2,62.0816074252,62.9396945834,62.831607425199955,-inf
M2,62.0816074252,62.9396945834,62.88160742519995,-inf
M2,62.0816074252,62.9396945834,62.93160742519995,-inf
M2,62.0816074252,62.9396945834,62.9396945834,-inf
M3,15.406884743400001,22.9384756319,15.406884743400001,-inf
M3,15.406884743400001,22.9384756319,15.456884743400002,-inf
M3,15.406884743400001,22.9384756319,15.506884743400002,-inf
M3,15.406884743400001,22.9384756319,15.556884743400003,-inf
M3,15.406884743400001,22.9384756319,15.606884743400004,-inf
M3,15.406884743400001,22.9384756319,15.656884743400004,-0.5128923605525468
M3,15.406884743400001,22.9384756319,15.706884743400005,-0.25662725268865927
M3,15.406884743400001,22.9384756319,15.756884743400006,5.452893816482174e-07
M3,15.406884743400001,22.9384756319,15.806884743400007,0.2569906847652881
M3,15.406884743400001,22.9384756319,15.856884743400007,0.5143426166249494
M3,15.406884743400001,22.9384756319,15.906884743400008,0.7720555616213645
M3,15.406884743400001,22.9384756319,15.956884743400009,1.0301284751914768
M3,15.406884743400001,22.9384756319,16.006884743400008,1.2885596753357227
M3,15.406884743400001,22.9384756319,16.056884743400012,1.547346554642095
M3,15.406884743400001,22.9384756319,16.10688474340001,1.8064881774725041
M3,15.406884743400001,22.9384756319,16.156884743400013,2.065981932608622
M3,15.406884743400001,22.9384756319,16.20688474340001,2.3258246381499887
M3,15.406884743400001,22.9384756319,16.256884743400015,2.5860124379886225
M3,15.406884743400001,22.9384756319,16.306884743400012,2.8465406755375353
M3,15.406884743400001,22.9384756319,16.356884743400016,3.1074037377138604
M3,15.406884743400001,22.9384756319,16.406884743400013,3.3685948619310118
M3,15.406884743400001,22.9384756319,16.456884743400018,3.6301058948166496
M3,15.406884743400001,22.9384756319,16.506884743400015,3.891926987696108
M3,15.406884743400001,22.9384756319,16.55688474340002,4.154046209296752
M3,15.406884743400001,22.9384756319,16.606884743400016,4.416449048374753
M3,15.406884743400001,22.9384756319,16.65688474340002,4.679117766609752
M3,15.406884743400001,22.9384756319,16.706884743400018,4.942030549290139
M3,15.406884743400001,22.9384756319,16.756884743400022,5.20516037317144
M3,15.406884743400001,22.9384756319,16.80688474340002,5.46847058964466
M3,15.406884743400001,22.9384756319,16.856884743400023,5.731920262555465
M3,15.406884743400001,22.9384756319,16.90688474340002,5.99545588518061
M3,15.406884743400001,22.9384756319,16.956884743400025,6.2590071060985375
M3,15.406884743400001,22.9384756319,17.006884743400022,6.522481585607846
M3,15.406884743400001,22.9384756319,17.056884743400026,6.785755986986769
M3,15.406884743400001,22.9384756319,17.106884743400023,7.048657474281795
M3,15.406884743400001,22.9384756319,17.156884743400028,7.31095221390485
M3,15.406884743400001,22.9384756319,17.206884743400025,7.572305982643015
M3,15.406884743400001,22.9384756319,17.25688474340003,7.83221329672592
M3,15.406884743400001,22.9384756319,17.306884743400026,8.089900240040372
M3,15.406884743400001,22.9384756319,17.35688474340003,8.344117179516557
M3,15.406884743400001,22.9384756319,17.406884743400028,8.556794133613852
M3,15.406884743400001,22.9384756319,17.456884743400032,8.727141537415399
M3,15.406884743400001,22.9384756319,17.50688474340003,8.860711792935298
M3,15.406884743400001,22.9384756319,17.556884743400033,8.942963324494524
M3,15.406884743400001,22.9384756319,17.60688474340003,8.960785575758026
M3,15.406884743400001,22.9384756319,17.656884743400035,8.850295741773248
M3,15.406884743400001,22.9384756319,17.706884743400032,8.633783967824854
M3,15.406884743400001,22.9384756319,17.756884743400036,8.40545704780477
M3,15.406884743400001,22.9384756319,17.806884743400033,8.169696792663853
M3,15.406884743400001,22.9384756319,17.856884743400038,7.9289266131995895
M3,15.406884743400001,22.9384756319,17.906884743400035,7.684590087990258
M3,15.406884743400001,22.9384756319,17.95688474340004,7.4375889145112755
M3,15.406884743400001,22.9384756319,18.006884743400036,7.188511500810856
M3,15.406884743400001,22.9384756319,18.05688474340004,6.9377624339880715
M3,15.406884743400001,22.9384756319,18.106884743400038,6.685621344064758
M3,15.406884743400001,22.9384756319,18.15688474340004,6.432294185931376
M3,15.406884743400001,22.9384756319,18.20688474340004,6.177926867671665
M3,15.406884743400001,22.9384756319,18.256884743400043,5.922633386295545
M3,15.406884743400001,22.9384756319,18.30688474340004,5.666500613650378
M3,15.406884743400001,22.9384756319,18.356884743400045,5.4095949120019515
M3,15.406884743400001,22.9384756319,18.40688474340004,5.151968463175367
M3,15.406884743400001,22.9384756319,18.456884743400046,4.893661060166673
M3,15.406884743400001,22.9384756319,18.506884743400043,4.634707764360744
M3,15.406884743400001,22.9384756319,18.556884743400047,4.375135730569153
M3,15.406884743400001,22.9384756319,18.606884743400045,4.114966896034071
M3,15.406884743400001,22.9384756319,18.65688474340005,3.854219246530061
M3,15.406884743400001,22.9384756319,18.706884743400046,3.5929075988691785
M3,15.406884743400001,22.9384756319,18.75688474340005,3.33104420461662
M3,15.406884743400001,22.9384756319,18.806884743400047,3.068639220705734
M3,15.406884743400001,22.9384756319,18.85688474340005,2.8057010800408593
M3,15.406884743400001,22.9384756319,18.90688474340005,2.5422367858302266
M3,15.406884743400001,22.9384756319,18.956884743400053,2.285328002127045
M3,15.406884743400001,22.9384756319,19.00688474340005,2.0587691925513623
M3,15.406884743400001,22.9384756319,19.056884743400055,1.8248213294314848
M3,15.406884743400001,22.9384756319,19.10688474340005,1.584200167044635
M3,15.406884743400001,22.9384756319,19.156884743400056,1.3489509744832429
M3,15.406884743400001,22.9384756319,19.206884743400053,1.1025273547652414
M3,15.406884743400001,22.9384756319,19.256884743400057,0.8594125856120662
M3,15.406884743400001,22.9384756319,19.306884743400055,0.6080051389579975
M3,15.406884743400001,22.9384756319,19.35688474340006,0.6175230201969732
M3,15.406884743400001,22.9384756319,19.406884743400056,0.8661982725955806
M3,15.406884743400001,22.9384756319,19.45688474340006,1.1152666054348188
M3,15.406884743400001,22.9384756319,19.506884743400057,1.3647297114365067
M3,15.406884743400001,22.9384756319,19.55688474340006,1.614589292232683
M3,15.406884743400001,22.9384756319,19.60688474340006,1.8648470574683067
M3,15.406884743400001,22.9384756319,19.656884743400063,2.1155047247472245
M3,15.406884743400001,22.9384756319,19.70688474340006,2.3665640208586716
M3,15.406884743400001,22.9384756319,19.756884743400065,2.6180266799847116
M3,15.406884743400001,22.9384756319,19.80688474340006,2.8698944448051877
M3,15.406884743400001,22.9384756319,19.856884743400066,3.1221690657578796
M3,15.406884743400001,22.9384756319,19.906884743400063,3.374852301336654
M3,15.406884743400001,22.9384756319,19.956884743400067,3.6279459180344373
M3,15.406884743400001,22.9384756319,20.006884743400065,3.8814516892196824
M3,15.406884743400001,22.9384756319,20.05688474340007,4.135371395957946
M3,15.406884743400001,22.9384756319,20.106884743400066,4.389706825331093
M3,15.406884743400001,22.9384756319,20.15688474340007,4.644459770726258
M3,15.406884743400001,22.9384756319,20.206884743400067,4.899632031220882
M3,15.406884743400001,22.9384756319,20.25688474340007,5.155225409538392
M3,15.406884743400001,22.9384756319,20.30688474340007,5.41124171126251
M3,15.406884743400001,22.9384756319,20.356884743400073,5.667682743140445
M3,15.406884743400001,22.9384756319,20.40688474340007,5.924550309271483
M3,15.406884743400001,22.9384756319,20.456884743400074,6.181846208326185
M3,15.406884743400001,22.9384756319,20.50688474340007,6.4395722273387985
M3,15.406884743400001,22.9384756319,20.556884743400076,6.697730133010225
M3,15.406884743400001,22.9384756319,20.606884743400073,6.956321659175293
M3,15.406884743400001,22.9384756319,20.656884743400077,7.215348487573534
M3,15.406884743400001,22.9384756319,20.706884743400074,7.474812212819595
M3,15.406884743400001,22.9384756319,20.75688474340008,7.73471429134395
M3,15.406884743400001,22.9384756319,20.806884743400076,7.9950559379709905
M3,15.406884743400001,22.9384756319,20.85688474340008,8.255837943357205
M3,15.406884743400001,22.9384756319,20.906884743400077,8.42946935977929
M3,15.406884743400001,22.9384756319,20.95688474340008,8.185822641029485
M3,15.406884743400001,22.9384756319,21.00688474340008,7.9417507966208145
M3,15.406884743400001,22.9384756319,21.056884743400083,7.697258709860484
M3,15.406884743400001,22.9384756319,21.10688474340008,7.45234869038357
M3,15.406884743400001,22.9384756319,21.156884743400084,7.207021588645652
M3,15.406884743400001,22.9384756319,21.20688474340008,6.961277376185679
M3,15.406884743400001,22.9384756319,21.256884743400086,6.7151154680534315
M3,15.406884743400001,22.9384756319,21.306884743400083,6.468534912046913
M3,15.406884743400001,22.9384756319,21.356884743400087,6.221534502125204
M3,15.406884743400001,22.9384756319,21.406884743400084,5.974112853931372
M3,15.406884743400001,22.9384756319,21.45688474340009,5.726268452235954
M3,15.406884743400001,22.9384756319,21.506884743400086,5.477999682902882
M3,15.406884743400001,22.9384756319,21.55688474340009,5.22930485650053
M3,15.406884743400001,22.9384756319,21.606884743400087,4.98018222348249
M3,15.406884743400001,22.9384756319,21.65688474340009,4.730629985681899
M3,15.406884743400001,22.9384756319,21.70688474340009,4.480646304715585
M3,15.406884743400001,22.9384756319,21.756884743400093,4.230229308017644
M3,15.406884743400001,22.9384756319,21.80688474340009,3.979377094496444
M3,15.406884743400001,22.9384756319,21.856884743400094,3.728087736571239
M3,15.406884743400001,22.9384756319,21.90688474340009,3.476359283984211
M3,15.406884743400001,22.9384756319,21.956884743400096,3.224189765349294
M3,15.406884743400001,22.9384756319,22.006884743400093,2.9715771900893904
M3,15.406884743400001,22.9384756319,22.056884743400097,2.718519549642484
M3,15.406884743400001,22.9384756319,22.106884743400094,2.465014819033634
M3,15.406884743400001,22.9384756319,22.1568847434001,2.2110609564263113
M3,15.406884743400001,22.9384756319,22.206884743400096,1.9566559052382075
M3,15.406884743400001,22.9384756319,22.2568847434001,1.7017975933326266
M3,15.406884743400001,22.9384756319,22.306884743400097,1.4464839347939726
M3,15.406884743400001,22.9384756319,22.3568847434001,1.1907128289264097
M3,15.406884743400001,22.9384756319,22.4068847434001,0.9344821614665193
M3,15.406884743400001,22.9384756319,22.456884743400103,0.6777898042625576
M3,15.406884743400001,22.9384756319,22.5068847434001,0.42063361611357486
M3,15.406884743400001,22.9384756319,22.556884743400104,0.1630114418342803
M3,15.406884743400001,22.9384756319,22.6068847434001,-0.09507888660881036
M3,15.406884743400001,22.9384756319,22.656884743400106,-0.35363955073661124
M3,15.406884743400001,22.9384756319,22.706884743400103,-0.6126727450151357
M3,15.406884743400001,22.9384756319,22.756884743400107,-0.8721806773841898
M3,15.406884743400001,22.9384756319,22.806884743400104,-1.132165568465398
M3,15.406884743400001,22.9384756319,22.85688474340011,-1.392629652358039
M3,15.406884743400001,22.9384756319,22.906884743400106,-1.6535751761571191
M3,15.406884743400001,22.9384756319,22.9384756319,-1.8186944016849242
M3,54.506687991599996,55.9338007236,54.506687991599996,-0.6343725171220793
M3,54.506687991599996,55.9338007236,54.55668799159999,-0.5393692324158543
M3,54.506687991599996,55.9338007236,54.60668799159999,-0.4457697611558462
M3,54.506687991599996,55.9338007236,54.65668799159999,-0.35355387482992384
M3,54.506687991599996,55.9338007236,54.706687991599985,-0.2628608604821405
M3,54.506687991599996,55.9338007236,54.75668799159998,-0.17367511862333096
M3,54.506687991599996,55.9338007236,54.80668799159998,-0.0859970805992365
M3,54.506687991599996,55.9338007236,54.856687991599976,6.351620029931837e-08
M3,54.506687991599996,55.9338007236,54.90668799159997,0.08438513223311794
M3,54.506687991599996,55.9338007236,54.95668799159997,0.1671139466734619
M3,54.506687991599996,55.9338007236,55.00668799159997,0.24802099525387256
M3,54.506687991599996,55.9338007236,55.056687991599965,0.32719504607355887
M3,54.506687991599996,55.9338007236,55.10668799159996,0.4045322981823709
M3,54.506687991599996,55.9338007236,55.15668799159996,0.4799407619714078
M3,54.506687991599996,55.9338007236,55.206687991599956,0.553473054679273
M3,54.506687991599996,55.9338007236,55.256687991599954,0.6082542312150903
M3,54.506687991599996,55.9338007236,55.30668799159995,0.5197665851975088
M3,54.506687991599996,55.9338007236,55.35668799159995,0.429521033192394
M3,54.506687991599996,55.9338007236,55.406687991599945,0.33770025441126705
M3,54.506687991599996,55.9338007236,55.45668799159994,0.24433326240753672
M3,54.506687991599996,55.9338007236,55.50668799159994,0.1493395686401815
M3,54.506687991599996,55.9338007236,55.55668799159994,0.052892791433574615
M3,54.506687991599996,55.9338007236,55.606687991599934,-0.04499162176514737
M3,54.506687991599996,55.9338007236,55.65668799159993,-0.14437444459758098
M3,54.506687991599996,55.9338007236,55.70668799159993,-0.24509732649269544
M3,54.506687991599996,55.9338007236,55.756687991599925,-0.3471647775340969
M3,54.506687991599996,55.9338007236,55.80668799159992,-0.450605610443473
M3,54.506687991599996,55.9338007236,55.85668799159992,-0.5552829468849119
M3,54.506687991599996,55.9338007236,55.90668799159992,-0.6612277456513631
M3,54.506687991599996,55.9338007236,55.9338007236,-0.719211937186433
