profile,seed,stage,generation,best_score
standard,20250951,point,1,39.94904650820789
standard,20250951,point,2,39.96452929990422
standard,20250951,point,3,40.02140824001862
standard,20250951,point,4,40.05443579185192
standard,20250951,point,5,40.072936328316445
standard,20250951,point,6,40.0826688788535
standard,20250951,point,7,40.08288675853498
standard,20250951,point,8,42.202484453240594
standard,20250951,point,9,43.70762749512862
standard,20250951,point,10,44.03686613664193
standard,20250951,point,11,44.31372682511608
standard,20250951,point,12,44.36069108299095
standard,20250951,point,13,44.36069108299095
standard,20250951,point,14,44.36069108299095
standard,20250951,point,15,44.36069108299095
standard,20250951,point,16,44.48397800429456
standard,20250951,point,17,44.48397800429456
standard,20250951,point,18,44.48397800429456
standard,20250951,point,19,44.560481752134706
standard,20250951,point,20,44.731356578083165
standard,20250951,point,21,44.731356578083165
standard,20250951,point,22,44.731356578083165
standard,20250951,point,23,44.731356578083165
standard,20250951,point,24,44.731356578083165
standard,20250951,point,25,44.75924966318024
standard,20250951,point,26,44.777388447328576
standard,20250951,point,27,44.80637355988451
standard,20250951,point,28,44.80941959254962
standard,20250951,point,29,44.80941959254962
standard,20250951,point,30,44.83585346711139
standard,20250951,point,31,44.83585346711139
standard,20250951,point,32,45.713358279111894
standard,20250951,point,33,45.713358279111894
standard,20250951,point,34,45.713358279111894
standard,20250951,point,35,45.713358279111894
standard,20250951,point,36,47.45807884676224
standard,20250951,point,37,47.45807884676224
standard,20250951,point,38,47.45807884676224
standard,20250951,point,39,47.45807884676224
standard,20250951,point,40,47.45807884676224
standard,20250951,point,41,47.45807884676224
standard,20250951,point,42,47.45807884676224
standard,20250951,point,43,47.45807884676224
standard,20250951,point,44,47.45807884676224
standard,20250951,point,45,47.45807884676224
standard,20250951,point,46,47.45807884676224
standard,20250951,point,47,47.45807884676224
standard,20250951,point,48,47.45807884676224
standard,20250951,point,49,47.45807884676224
standard,20250951,point,50,47.45807884676224
standard,20250951,point,51,47.45807884676224
standard,20250951,point,52,47.45807884676224
standard,20250951,point,53,47.45807884676224
standard,20250951,point,54,47.45807884676224
standard,20250951,point,55,47.45807884676224
standard,20250951,point,56,47.45807884676224
standard,20250951,point,57,47.45807884676224
standard,20250951,point,58,47.45807884676224
standard,20250951,point,59,47.45807884676224
standard,20250951,point,60,47.480395697554414
standard,20250951,point,61,47.480395697554414
standard,20250951,point,62,47.480395697554414
standard,20250951,point,63,47.480395697554414
standard,20250951,point,64,47.480395697554414
standard,20250951,point,65,47.480395697554414
standard,20250951,point,66,47.480395697554414
standard,20250951,point,67,47.480395697554414
standard,20250951,point,68,47.480395697554414
standard,20250951,point,69,47.480395697554414
standard,20250951,point,70,47.480395697554414
standard,20250951,point,71,47.546695578832384
standard,20250951,point,72,47.546695578832384
standard,20250951,point,73,47.546695578832384
standard,20250951,point,74,47.546695578832384
standard,20250951,point,75,47.546695578832384
standard,20250951,point,76,47.546695578832384
standard,20250951,point,77,47.546695578832384
standard,20250951,point,78,47.546695578832384
standard,20250951,point,79,47.546695578832384
standard,20250951,point,80,47.907675138126855
standard,20250951,point,81,47.907675138126855
standard,20250951,point,82,47.907675138126855
standard,20250951,point,83,47.907675138126855
standard,20250951,point,84,47.907675138126855
standard,20250951,point,85,47.907675138126855
standard,20250951,point,86,47.907675138126855
standard,20250951,point,87,47.907675138126855
standard,20250951,point,88,47.907675138126855
standard,20250951,point,89,47.907675138126855
standard,20250951,point,90,47.92803888039297
standard,20250951,point,91,47.92803888039297
standard,20250951,point,92,47.92803888039297
standard,20250951,point,93,47.92803888039297
standard,20250951,point,94,47.992959159513546
standard,20250951,point,95,47.992959159513546
standard,20250951,point,96,47.992959159513546
standard,20250951,point,97,47.992959159513546
standard,20250951,point,98,47.992959159513546
standard,20250951,point,99,48.15947902472617
standard,20250951,point,100,48.15947902472617
standard,20250951,point,101,48.15947902472617
standard,20250951,point,102,48.469833504930854
standard,20250951,point,103,48.469833504930854
standard,20250951,point,104,48.469833504930854
standard,20250951,point,105,48.469833504930854
standard,20250951,point,106,48.469833504930854
standard,20250951,point,107,48.469833504930854
standard,20250951,point,108,48.469833504930854
standard,20250951,point,109,48.469833504930854
standard,20250951,point,110,48.469833504930854
standard,20250951,point,111,48.469833504930854
standard,20250951,point,112,48.469833504930854
standard,20250951,point,113,48.469833504930854
standard,20250951,point,114,48.52395204422081
standard,20250951,point,115,48.52395204422081
standard,20250951,point,116,48.52395204422081
standard,20250951,point,117,48.5491473729785
standard,20250951,point,118,48.57598200797963
standard,20250951,point,119,48.61638537222166
standard,20250951,point,120,48.61638537222166
standard,20250951,point,121,48.630507529895645
standard,20250951,point,122,48.6962798795167
standard,20250951,point,123,48.6962798795167
standard,20250951,point,124,48.6962798795167
standard,20250951,point,125,48.6962798795167
standard,20250951,point,126,48.6962798795167
standard,20250951,point,127,48.6962798795167
standard,20250951,point,128,48.6962798795167
standard,20250951,point,129,48.69797641544255
standard,20250951,point,130,48.719077195062816
standard,20250951,point,131,48.719077195062816
standard,20250951,point,132,48.719077195062816
standard,20250951,point,133,48.719077195062816
standard,20250951,point,134,48.719077195062816
standard,20250951,point,135,48.727881779987364
standard,20250951,point,136,48.727881779987364
standard,20250951,point,137,48.730564511325
standard,20250951,point,138,48.74775152153557
standard,20250951,point,139,48.74775152153557
standard,20250951,point,140,48.74775152153557
standard,20250951,surface,1,27.283554708249515
standard,20250951,surface,2,27.341100539960827
standard,20250951,surface,3,27.570660488547432
standard,20250951,surface,4,27.71842136938942
standard,20250951,surface,5,27.743342812825457
standard,20250951,surface,6,27.743342812825457
standard,20250951,surface,7,27.743342812825457
standard,20250951,surface,8,27.81324203362167
standard,20250951,surface,9,27.81324203362167
standard,20250951,surface,10,27.81324203362167
standard,20250951,surface,11,27.81324203362167
standard,20250951,surface,12,27.827056969104945
standard,20250951,surface,13,27.829601815403812
standard,20250951,surface,14,27.829601815403812
standard,20250951,surface,15,27.872802251824844
standard,20250951,surface,16,27.872802251824844
standard,20250951,surface,17,27.872802251824844
standard,20250951,surface,18,27.87333617137462
standard,20250951,surface,19,27.885652098682975
standard,20250951,surface,20,27.885652098682975
standard,20250951,surface,21,27.885652098682975
standard,20250951,surface,22,27.885652098682975
standard,20250951,surface,23,27.885652098682975
standard,20250951,surface,24,27.885652098682975
standard,20250951,surface,25,27.885652098682975
standard,20250951,surface,26,27.885652098682975
standard,20250951,surface,27,27.885652098682975
standard,20250951,surface,28,27.885652098682975
standard,20250951,surface,29,27.885652098682975
standard,20250951,surface,30,27.885652098682975
standard,20250951,surface,31,27.885652098682975
standard,20250951,surface,32,27.885652098682975
standard,20250951,surface,33,27.885652098682975
standard,20250951,surface,34,27.885652098682975
standard,20250951,surface,35,27.885652098682975
standard,20250951,surface,36,27.885652098682975
standard,20250951,surface,37,27.885652098682975
standard,20250951,surface,38,27.885652098682975
standard,20250951,surface,39,27.885652098682975
standard,20250951,surface,40,27.885652098682975
standard,20250951,surface,41,27.885652098682975
standard,20250951,surface,42,27.885652098682975
standard,20250951,surface,43,27.885652098682975
standard,20250951,surface,44,27.885652098682975
standard,20250951,surface,45,27.885652098682975
standard,20250951,surface,46,27.885652098682975
standard,20250951,surface,47,27.885652098682975
standard,20250951,surface,48,27.885652098682975
standard,20250951,surface,49,27.885652098682975
standard,20250951,surface,50,27.885652098682975
standard,20250951,surface,51,27.885652098682975
standard,20250951,surface,52,27.885693220062027
standard,20250951,surface,53,27.894758407235418
standard,20250951,surface,54,27.894758407235418
standard,20250951,surface,55,27.905148143335783
standard,20250951,surface,56,27.905148143335783
standard,20250951,surface,57,27.905148143335783
standard,20250951,surface,58,27.905148143335783
standard,20250951,surface,59,27.905148143335783
standard,20250951,surface,60,27.905148143335783
standard,20250951,surface,61,27.905148143335783
standard,20250951,surface,62,27.905148143335783
standard,20250951,surface,63,27.905148143335783
standard,20250951,surface,64,27.905148143335783
standard,20250951,surface,65,27.905148143335783
standard,20250951,surface,66,27.905148143335783
standard,20250951,surface,67,27.905148143335783
standard,20250951,surface,68,27.905148143335783
standard,20250951,surface,69,27.905148143335783
standard,20250951,surface,70,27.905148143335783
standard,20250951,surface,71,27.905148143335783
standard,20250951,surface,72,27.905148143335783
standard,20250951,surface,73,27.905148143335783
standard,20250951,surface,74,27.905148143335783
standard,20250951,surface,75,27.905148143335783
standard,20250951,surface,76,27.905148143335783
standard,20250951,surface,77,27.905148143335783
standard,20250951,surface,78,27.905148143335783
standard,20250951,surface,79,27.905148143335783
standard,20250951,surface,80,27.905148143335783
standard,20250951,surface,81,27.905148143335783
standard,20250951,surface,82,27.905148143335783
standard,20250951,surface,83,27.905148143335783
standard,20250951,surface,84,27.905148143335783
standard,20250951,surface,85,27.905148143335783
standard,20250951,surface,86,27.905148143335783
standard,20250951,surface,87,27.905148143335783
standard,20250951,surface,88,27.905148143335783
standard,20250951,surface,89,27.905148143335783
standard,20250951,surface,90,27.905148143335783
standard,20250952,point,1,39.977390352595414
standard,20250952,point,2,39.977390352595414
standard,20250952,point,3,40.02266880652915
standard,20250952,point,4,40.04305386488279
standard,20250952,point,5,44.139029602589765
standard,20250952,point,6,44.69096347019595
standard,20250952,point,7,44.726645209595446
standard,20250952,point,8,44.726645209595446
standard,20250952,point,9,45.77016169251126
standard,20250952,point,10,45.77016169251126
standard,20250952,point,11,45.83000750607143
standard,20250952,point,12,45.83000750607143
standard,20250952,point,13,45.83000750607143
standard,20250952,point,14,46.604229642530704
standard,20250952,point,15,46.604229642530704
standard,20250952,point,16,46.604229642530704
standard,20250952,point,17,46.604229642530704
standard,20250952,point,18,46.604229642530704
standard,20250952,point,19,46.604229642530704
standard,20250952,point,20,46.604229642530704
standard,20250952,point,21,46.604229642530704
standard,20250952,point,22,46.65104078244607
standard,20250952,point,23,47.52692623512361
standard,20250952,point,24,47.52692623512361
standard,20250952,point,25,47.613216230210895
standard,20250952,point,26,47.800316187322736
standard,20250952,point,27,47.85355550998593
standard,20250952,point,28,47.85355550998593
standard,20250952,point,29,47.85355550998593
standard,20250952,point,30,47.87564249562802
standard,20250952,point,31,47.87564249562802
standard,20250952,point,32,48.01967844327567
standard,20250952,point,33,48.16327732269886
standard,20250952,point,34,48.16327732269886
standard,20250952,point,35,48.19979409105036
standard,20250952,point,36,48.19979409105036
standard,20250952,point,37,48.2257279293622
standard,20250952,point,38,48.2257279293622
standard,20250952,point,39,48.2257279293622
standard,20250952,point,40,48.240518702975386
standard,20250952,point,41,48.30258188008204
standard,20250952,point,42,48.30258188008204
standard,20250952,point,43,48.44905850999931
standard,20250952,point,44,48.44905850999931
standard,20250952,point,45,48.44905850999931
standard,20250952,point,46,48.44905850999931
standard,20250952,point,47,48.469261493389666
standard,20250952,point,48,48.469261493389666
standard,20250952,point,49,48.469261493389666
standard,20250952,point,50,48.469261493389666
standard,20250952,point,51,48.469261493389666
standard,20250952,point,52,48.469261493389666
standard,20250952,point,53,48.469261493389666
standard,20250952,point,54,48.469261493389666
standard,20250952,point,55,48.47503554829136
standard,20250952,point,56,48.52245600585151
standard,20250952,point,57,48.533220185560815
standard,20250952,point,58,48.57925697004866
standard,20250952,point,59,48.614536413327414
standard,20250952,point,60,48.614536413327414
standard,20250952,point,61,48.614536413327414
standard,20250952,point,62,48.652983193870064
standard,20250952,point,63,48.652983193870064
standard,20250952,point,64,48.652983193870064
standard,20250952,point,65,48.652983193870064
standard,20250952,point,66,48.652983193870064
standard,20250952,point,67,48.68764557543072
standard,20250952,point,68,48.68764557543072
standard,20250952,point,69,48.69206601720672
standard,20250952,point,70,48.69659389398266
standard,20250952,point,71,48.708313085025104
standard,20250952,point,72,48.73911184038472
standard,20250952,point,73,48.764132257697035
standard,20250952,point,74,48.764132257697035
standard,20250952,point,75,48.764132257697035
standard,20250952,point,76,48.764132257697035
standard,20250952,point,77,48.764132257697035
standard,20250952,point,78,48.764132257697035
standard,20250952,point,79,48.764132257697035
standard,20250952,point,80,48.764132257697035
standard,20250952,point,81,48.764132257697035
standard,20250952,point,82,48.764132257697035
standard,20250952,point,83,48.764132257697035
standard,20250952,point,84,48.764132257697035
standard,20250952,point,85,48.77974427701434
standard,20250952,point,86,48.77974427701434
standard,20250952,point,87,48.77974427701434
standard,20250952,point,88,48.77974427701434
standard,20250952,point,89,48.77974427701434
standard,20250952,point,90,48.79019469215265
standard,20250952,point,91,48.79304711891062
standard,20250952,point,92,48.79304711891062
standard,20250952,point,93,48.80466194361962
standard,20250952,point,94,48.80466194361962
standard,20250952,point,95,48.80466194361962
standard,20250952,point,96,48.80466194361962
standard,20250952,point,97,48.805193992847435
standard,20250952,point,98,48.805193992847435
standard,20250952,point,99,48.81379564717262
standard,20250952,point,100,48.8156085818092
standard,20250952,point,101,48.8156085818092
standard,20250952,point,102,48.8156085818092
standard,20250952,point,103,48.8156085818092
standard,20250952,point,104,48.8156085818092
standard,20250952,point,105,48.8156085818092
standard,20250952,point,106,48.8156085818092
standard,20250952,point,107,48.8156085818092
standard,20250952,point,108,48.8156085818092
standard,20250952,point,109,48.821851573030656
standard,20250952,point,110,48.821851573030656
standard,20250952,point,111,48.821851573030656
standard,20250952,point,112,48.821851573030656
standard,20250952,point,113,48.821851573030656
standard,20250952,point,114,48.821851573030656
standard,20250952,point,115,48.821851573030656
standard,20250952,point,116,48.82677358391041
standard,20250952,point,117,48.82677358391041
standard,20250952,point,118,48.82677358391041
standard,20250952,point,119,48.82677358391041
standard,20250952,point,120,48.82677358391041
standard,20250952,point,121,48.82677358391041
standard,20250952,point,122,48.82677358391041
standard,20250952,point,123,48.82724776480371
standard,20250952,point,124,48.82724776480371
standard,20250952,point,125,48.830713393370814
standard,20250952,point,126,48.830713393370814
standard,20250952,point,127,48.830713393370814
standard,20250952,point,128,48.830713393370814
standard,20250952,point,129,48.830713393370814
standard,20250952,point,130,48.830713393370814
standard,20250952,point,131,48.830713393370814
standard,20250952,point,132,48.830713393370814
standard,20250952,point,133,48.830713393370814
standard,20250952,point,134,48.830713393370814
standard,20250952,point,135,48.830713393370814
standard,20250952,point,136,48.830713393370814
standard,20250952,point,137,48.830713393370814
standard,20250952,point,138,48.830713393370814
standard,20250952,point,139,48.830713393370814
standard,20250952,point,140,48.830713393370814
standard,20250952,surface,1,27.603213560277133
standard,20250952,surface,2,27.697574452955177
standard,20250952,surface,3,27.77004216931966
standard,20250952,surface,4,27.80457529384951
standard,20250952,surface,5,27.82409700770097
standard,20250952,surface,6,27.82409700770097
standard,20250952,surface,7,27.85246662600253
standard,20250952,surface,8,27.856716893554534
standard,20250952,surface,9,27.856716893554534
standard,20250952,surface,10,27.856716893554534
standard,20250952,surface,11,27.856716893554534
standard,20250952,surface,12,27.866467241848948
standard,20250952,surface,13,27.878573023576237
standard,20250952,surface,14,27.878573023576237
standard,20250952,surface,15,27.878573023576237
standard,20250952,surface,16,27.878573023576237
standard,20250952,surface,17,27.878573023576237
standard,20250952,surface,18,27.878573023576237
standard,20250952,surface,19,27.878573023576237
standard,20250952,surface,20,27.878573023576237
standard,20250952,surface,21,27.878573023576237
standard,20250952,surface,22,27.878573023576237
standard,20250952,surface,23,27.878573023576237
standard,20250952,surface,24,27.878573023576237
standard,20250952,surface,25,27.878573023576237
standard,20250952,surface,26,27.884557615715543
standard,20250952,surface,27,27.884557615715543
standard,20250952,surface,28,27.884557615715543
standard,20250952,surface,29,27.884557615715543
standard,20250952,surface,30,27.884557615715543
standard,20250952,surface,31,27.884557615715543
standard,20250952,surface,32,27.884557615715543
standard,20250952,surface,33,27.884557615715543
standard,20250952,surface,34,27.884557615715543
standard,20250952,surface,35,27.889948859820382
standard,20250952,surface,36,27.89281008536641
standard,20250952,surface,37,27.89281008536641
standard,20250952,surface,38,27.89281008536641
standard,20250952,surface,39,27.89281008536641
standard,20250952,surface,40,27.89281008536641
standard,20250952,surface,41,27.89281008536641
standard,20250952,surface,42,27.897387206357703
standard,20250952,surface,43,27.897387206357703
standard,20250952,surface,44,27.90057043395474
standard,20250952,surface,45,27.90057043395474
standard,20250952,surface,46,27.90057043395474
standard,20250952,surface,47,27.90057043395474
standard,20250952,surface,48,27.90750005854952
standard,20250952,surface,49,27.90750005854952
standard,20250952,surface,50,27.90750005854952
standard,20250952,surface,51,27.90750005854952
standard,20250952,surface,52,27.90750005854952
standard,20250952,surface,53,27.90750005854952
standard,20250952,surface,54,27.90750005854952
standard,20250952,surface,55,27.90750005854952
standard,20250952,surface,56,27.90750005854952
standard,20250952,surface,57,27.90750005854952
standard,20250952,surface,58,27.90750005854952
standard,20250952,surface,59,27.90750005854952
standard,20250952,surface,60,27.90750005854952
standard,20250952,surface,61,27.90750005854952
standard,20250952,surface,62,27.90750005854952
standard,20250952,surface,63,27.90750005854952
standard,20250952,surface,64,27.90750005854952
standard,20250952,surface,65,27.909911824270857
standard,20250952,surface,66,27.913508009525312
standard,20250952,surface,67,27.913508009525312
standard,20250952,surface,68,27.914757586365276
standard,20250952,surface,69,27.914757586365276
standard,20250952,surface,70,27.91781321160927
standard,20250952,surface,71,27.91781321160927
standard,20250952,surface,72,27.91781321160927
standard,20250952,surface,73,27.91781321160927
standard,20250952,surface,74,27.91781321160927
standard,20250952,surface,75,27.91781321160927
standard,20250952,surface,76,27.91781321160927
standard,20250952,surface,77,27.91781321160927
standard,20250952,surface,78,27.91781321160927
standard,20250952,surface,79,27.91781321160927
standard,20250952,surface,80,27.91781321160927
standard,20250952,surface,81,27.91781321160927
standard,20250952,surface,82,27.91781321160927
standard,20250952,surface,83,27.91781321160927
standard,20250952,surface,84,27.91781321160927
standard,20250952,surface,85,27.91781321160927
standard,20250952,surface,86,27.919210491726812
standard,20250952,surface,87,27.92284343945512
standard,20250952,surface,88,27.92284343945512
standard,20250952,surface,89,27.92284343945512
standard,20250952,surface,90,27.92284343945512
standard,20250953,point,1,39.94904650820789
standard,20250953,point,2,39.94904650820789
standard,20250953,point,3,39.94904650820789
standard,20250953,point,4,39.96111065817232
standard,20250953,point,5,40.012510829257074
standard,20250953,point,6,40.051125706367436
standard,20250953,point,7,40.061254430369175
standard,20250953,point,8,42.62287622835079
standard,20250953,point,9,43.37348711724503
standard,20250953,point,10,43.53425098415858
standard,20250953,point,11,43.81839357038884
standard,20250953,point,12,43.92101028052017
standard,20250953,point,13,44.25310580076554
standard,20250953,point,14,44.42610543504417
standard,20250953,point,15,44.514885662917195
standard,20250953,point,16,44.539543545812606
standard,20250953,point,17,44.57431574797199
standard,20250953,point,18,44.64118478050779
standard,20250953,point,19,44.64118478050779
standard,20250953,point,20,44.64118478050779
standard,20250953,point,21,44.64118478050779
standard,20250953,point,22,44.65951163365677
standard,20250953,point,23,44.65951163365677
standard,20250953,point,24,44.7451252848315
standard,20250953,point,25,44.75336643695299
standard,20250953,point,26,44.75336643695299
standard,20250953,point,27,44.75452994998314
standard,20250953,point,28,44.75452994998314
standard,20250953,point,29,44.792012725324454
standard,20250953,point,30,44.84270822206804
standard,20250953,point,31,44.84270822206804
standard,20250953,point,32,44.84270822206804
standard,20250953,point,33,44.8629470668168
standard,20250953,point,34,44.86516317564138
standard,20250953,point,35,44.87658492925258
standard,20250953,point,36,44.87658492925258
standard,20250953,point,37,44.8768170101277
standard,20250953,point,38,44.8768170101277
standard,20250953,point,39,44.876976589005594
standard,20250953,point,40,44.876976589005594
standard,20250953,point,41,44.887889307864604
standard,20250953,point,42,44.887889307864604
standard,20250953,point,43,44.887889307864604
standard,20250953,point,44,44.894469529888475
standard,20250953,point,45,44.894469529888475
standard,20250953,point,46,44.900487591995926
standard,20250953,point,47,44.900487591995926
standard,20250953,point,48,44.900487591995926
standard,20250953,point,49,44.901143147052245
standard,20250953,point,50,44.90489880366867
standard,20250953,point,51,44.90489880366867
standard,20250953,point,52,46.88616709120692
standard,20250953,point,53,46.88616709120692
standard,20250953,point,54,46.88616709120692
standard,20250953,point,55,48.55529946403393
standard,20250953,point,56,48.55529946403393
standard,20250953,point,57,48.55529946403393
standard,20250953,point,58,48.55529946403393
standard,20250953,point,59,48.55529946403393
standard,20250953,point,60,48.55529946403393
standard,20250953,point,61,48.55529946403393
standard,20250953,point,62,48.55529946403393
standard,20250953,point,63,48.55529946403393
standard,20250953,point,64,48.55529946403393
standard,20250953,point,65,48.55529946403393
standard,20250953,point,66,48.55529946403393
standard,20250953,point,67,48.55529946403393
standard,20250953,point,68,48.55529946403393
standard,20250953,point,69,48.55529946403393
standard,20250953,point,70,48.55529946403393
standard,20250953,point,71,48.55529946403393
standard,20250953,point,72,48.55529946403393
standard,20250953,point,73,48.55529946403393
standard,20250953,point,74,48.848956676538556
standard,20250953,point,75,48.848956676538556
standard,20250953,point,76,48.848956676538556
standard,20250953,point,77,48.848956676538556
standard,20250953,point,78,48.848956676538556
standard,20250953,point,79,48.848956676538556
standard,20250953,point,80,48.848956676538556
standard,20250953,point,81,48.848956676538556
standard,20250953,point,82,48.848956676538556
standard,20250953,point,83,48.848956676538556
standard,20250953,point,84,48.848956676538556
standard,20250953,point,85,48.848956676538556
standard,20250953,point,86,48.848956676538556
standard,20250953,point,87,48.848956676538556
standard,20250953,point,88,48.848956676538556
standard,20250953,point,89,48.848956676538556
standard,20250953,point,90,48.848956676538556
standard,20250953,point,91,48.848956676538556
standard,20250953,point,92,48.848956676538556
standard,20250953,point,93,48.848956676538556
standard,20250953,point,94,48.848956676538556
standard,20250953,point,95,48.848956676538556
standard,20250953,point,96,48.9518762666313
standard,20250953,point,97,48.97446139046783
standard,20250953,point,98,48.99252040517427
standard,20250953,point,99,48.99252040517427
standard,20250953,point,100,49.00619261512235
standard,20250953,point,101,49.01513009482017
standard,20250953,point,102,49.01513009482017
standard,20250953,point,103,49.02419337503905
standard,20250953,point,104,49.02419337503905
standard,20250953,point,105,49.02419337503905
standard,20250953,point,106,49.02419337503905
standard,20250953,point,107,49.02419337503905
standard,20250953,point,108,49.02419337503905
standard,20250953,point,109,49.02419337503905
standard,20250953,point,110,49.02419337503905
standard,20250953,point,111,49.02419337503905
standard,20250953,point,112,49.02419337503905
standard,20250953,point,113,49.02638977161685
standard,20250953,point,114,49.03312109160677
standard,20250953,point,115,49.039291027879344
standard,20250953,point,116,49.0461670893402
standard,20250953,point,117,49.0486588229672
standard,20250953,point,118,49.04882234774554
standard,20250953,point,119,49.05045927351957
standard,20250953,point,120,49.05045927351957
standard,20250953,point,121,49.05045927351957
standard,20250953,point,122,49.05045927351957
standard,20250953,point,123,49.05611658181931
standard,20250953,point,124,49.05611658181931
standard,20250953,point,125,49.05884143254841
standard,20250953,point,126,49.05884143254841
standard,20250953,point,127,49.05884143254841
standard,20250953,point,128,49.05884143254841
standard,20250953,point,129,49.05946630313658
standard,20250953,point,130,49.05946630313658
standard,20250953,point,131,49.05946630313658
standard,20250953,point,132,49.060247438161895
standard,20250953,point,133,49.060247438161895
standard,20250953,point,134,49.060247438161895
standard,20250953,point,135,49.06196758871199
standard,20250953,point,136,49.06196758871199
standard,20250953,point,137,49.06196758871199
standard,20250953,point,138,49.06196758871199
standard,20250953,point,139,49.06196758871199
standard,20250953,point,140,49.06246032584111
standard,20250953,surface,1,27.156490088752264
standard,20250953,surface,2,27.175659434066603
standard,20250953,surface,3,27.19956515984154
standard,20250953,surface,4,27.214563533326743
standard,20250953,surface,5,27.223098674214153
standard,20250953,surface,6,27.23270935064226
standard,20250953,surface,7,27.23752882509893
standard,20250953,surface,8,27.238973080372322
standard,20250953,surface,9,27.2415055661677
standard,20250953,surface,10,27.242500839125242
standard,20250953,surface,11,27.242500839125242
standard,20250953,surface,12,27.244368066541536
standard,20250953,surface,13,30.11469665628648
standard,20250953,surface,14,30.11469665628648
standard,20250953,surface,15,30.11469665628648
standard,20250953,surface,16,30.11469665628648
standard,20250953,surface,17,30.11469665628648
standard,20250953,surface,18,30.11469665628648
standard,20250953,surface,19,30.11469665628648
standard,20250953,surface,20,30.11469665628648
standard,20250953,surface,21,30.11469665628648
standard,20250953,surface,22,30.11469665628648
standard,20250953,surface,23,30.11469665628648
standard,20250953,surface,24,30.11469665628648
standard,20250953,surface,25,30.11469665628648
standard,20250953,surface,26,30.11469665628648
standard,20250953,surface,27,30.11469665628648
standard,20250953,surface,28,30.11469665628648
standard,20250953,surface,29,30.11469665628648
standard,20250953,surface,30,30.11469665628648
standard,20250953,surface,31,30.11469665628648
standard,20250953,surface,32,30.11469665628648
standard,20250953,surface,33,30.11469665628648
standard,20250953,surface,34,30.11469665628648
standard,20250953,surface,35,30.11469665628648
standard,20250953,surface,36,30.11469665628648
standard,20250953,surface,37,30.11469665628648
standard,20250953,surface,38,30.11469665628648
standard,20250953,surface,39,30.11469665628648
standard,20250953,surface,40,30.11469665628648
standard,20250953,surface,41,30.11469665628648
standard,20250953,surface,42,30.11469665628648
standard,20250953,surface,43,30.11469665628648
standard,20250953,surface,44,30.11469665628648
standard,20250953,surface,45,30.11469665628648
standard,20250953,surface,46,30.11469665628648
standard,20250953,surface,47,30.11469665628648
standard,20250953,surface,48,30.11469665628648
standard,20250953,surface,49,30.11469665628648
standard,20250953,surface,50,30.11469665628648
standard,20250953,surface,51,30.11469665628648
standard,20250953,surface,52,30.53555099063086
standard,20250953,surface,53,30.53555099063086
standard,20250953,surface,54,30.53555099063086
standard,20250953,surface,55,30.53555099063086
standard,20250953,surface,56,30.53555099063086
standard,20250953,surface,57,30.53555099063086
standard,20250953,surface,58,30.53555099063086
standard,20250953,surface,59,30.53555099063086
standard,20250953,surface,60,30.53555099063086
standard,20250953,surface,61,30.53555099063086
standard,20250953,surface,62,30.53555099063086
standard,20250953,surface,63,30.53555099063086
standard,20250953,surface,64,30.53555099063086
standard,20250953,surface,65,30.53555099063086
standard,20250953,surface,66,30.53555099063086
standard,20250953,surface,67,30.53555099063086
standard,20250953,surface,68,30.53555099063086
standard,20250953,surface,69,30.53555099063086
standard,20250953,surface,70,30.53555099063086
standard,20250953,surface,71,30.53555099063086
standard,20250953,surface,72,30.53555099063086
standard,20250953,surface,73,30.53555099063086
standard,20250953,surface,74,30.53555099063086
standard,20250953,surface,75,30.53555099063086
standard,20250953,surface,76,30.53555099063086
standard,20250953,surface,77,30.53555099063086
standard,20250953,surface,78,30.53555099063086
standard,20250953,surface,79,30.53555099063086
standard,20250953,surface,80,30.53555099063086
standard,20250953,surface,81,30.53555099063086
standard,20250953,surface,82,30.53555099063086
standard,20250953,surface,83,30.53555099063086
standard,20250953,surface,84,30.53555099063086
standard,20250953,surface,85,30.53555099063086
standard,20250953,surface,86,30.53555099063086
standard,20250953,surface,87,30.53555099063086
standard,20250953,surface,88,30.53555099063086
standard,20250953,surface,89,30.53555099063086
standard,20250953,surface,90,30.53555099063086
