state,time_s,mode,max_distance_m,margin_m,closest_projection,cloud_x_m,cloud_y_m,cloud_z_m,missile_x_m,missile_y_m,missile_z_m,worst_target_x_m,worst_target_y_m,worst_target_z_m,closest_x_m,closest_y_m,closest_z_m
margin_curve,0.8336215416,surface,10.1310197101,-0.1310197101,0.0929244606,17915.0812113910,11.9462557783,1798.5757941072,19751.1546690643,0.0000000000,1975.1154669064,0.7316992429,206.9616532676,0.0000000000,17915.8572680705,19.2317999937,1791.5789275313
margin_curve,0.8654688978,surface,10.0000000002,-0.0000000002,0.0924881580,17915.0812113910,11.9462557783,1798.4802520385,19741.6478779117,0.0000000000,1974.1647877912,0.7316992429,206.9616532676,0.0000000000,17915.8469040654,19.1415020795,1791.5779230550
margin_curve,0.8836215416,surface,9.9252936335,0.0747063665,0.0922392822,17915.0812113910,11.9462557783,1798.4257941072,19736.2291112112,0.0000000000,1973.6229111211,0.7316992429,206.9616532676,0.0000000000,17915.8409959021,19.0899943421,1791.5773504489
margin_curve,0.9336215416,surface,9.7194210789,0.2805789211,0.0915530669,17915.0812113910,11.9462557783,1798.2757941072,19721.3035533580,0.0000000000,1972.1303553358,0.7316992429,206.9616532676,0.0000000000,17915.8247193533,18.9479740846,1791.5757730044
margin_curve,0.9836215416,surface,9.5134018017,0.4865981983,0.0908658123,17915.0812113910,11.9462557783,1798.1257941072,19706.3779955049,0.0000000000,1970.6377995505,0.7316992429,206.9616532676,0.0000000000,17915.8084384090,18.8057387337,1791.5741951963
margin_curve,1.0336215416,surface,9.3072355726,0.6927644274,0.0901775160,17915.0812113910,11.9462557783,1797.9757941072,19691.4524376517,0.0000000000,1969.1452437652,0.7316992429,206.9616532676,0.0000000000,17915.7921530542,18.6632878006,1791.5726170234
margin_curve,1.0836215416,surface,9.1009221790,0.8990778210,0.0894881757,17915.0812113910,11.9462557783,1797.8257941072,19676.5268797986,0.0000000000,1967.6526879799,0.7316992429,206.9616532676,0.0000000000,17915.7758632737,18.5206207947,1791.5710384843
margin_curve,1.1336215416,surface,8.8944614277,1.1055385723,0.0887977890,17915.0812113910,11.9462557783,1797.6757941072,19661.6013219454,0.0000000000,1966.1601321945,0.7316992429,206.9616532676,0.0000000000,17915.7595690524,18.3777372240,1791.5694595777
margin_curve,1.1836215416,surface,8.6878531470,1.3121468530,0.0881063536,17915.0812113910,11.9462557783,1797.5257941072,19646.6757640923,0.0000000000,1964.6675764092,0.7316992429,206.9616532676,0.0000000000,17915.7432703749,18.2346365953,1791.5678803023
margin_curve,1.2336215416,surface,8.4810971897,1.5189028103,0.0874138669,17915.0812113910,11.9462557783,1797.3757941072,19631.7502062391,0.0000000000,1963.1750206239,0.7316992429,206.9616532676,0.0000000000,17915.7269672259,18.0913184135,1791.5663006566
margin_curve,1.2836215416,surface,8.2741934363,1.7258065637,0.0867203267,17915.0812113910,11.9462557783,1797.2257941072,19616.8246483860,0.0000000000,1961.6824648386,0.7316992429,206.9616532676,0.0000000000,17915.7106595901,17.9477821822,1791.5647206393
margin_curve,1.3336215416,surface,8.0671417988,1.9328582012,0.0860257305,17915.0812113910,11.9462557783,1797.0757941072,19601.8990905328,0.0000000000,1960.1899090533,0.7316992429,206.9616532676,0.0000000000,17915.6943474520,17.8040274035,1791.5631402490
margin_curve,1.3836215416,surface,7.8599422253,2.1400577747,0.0853300759,17915.0812113910,11.9462557783,1796.9257941072,19586.9735326797,0.0000000000,1958.6973532680,0.7316992429,206.9616532676,0.0000000000,17915.6780307960,17.6600535779,1791.5615594844
margin_curve,1.4336215416,surface,7.6525947048,2.3474052952,0.0846333605,17915.0812113910,11.9462557783,1796.7757941072,19572.0479748265,0.0000000000,1957.2047974827,0.7316992429,206.9616532676,0.0000000000,17915.6617096066,17.5158602044,1791.5599783441
margin_curve,1.4836215416,surface,7.4450992736,2.5549007264,0.0839355818,17915.0812113910,11.9462557783,1796.6257941072,19557.1224169734,0.0000000000,1955.7122416973,0.7316992429,206.9616532676,0.0000000000,17915.6453838681,17.3714467805,1791.5583968266
margin_curve,1.5336215416,surface,7.2374560219,2.7625439781,0.0832367375,17915.0812113910,11.9462557783,1796.4757941072,19542.1968591202,0.0000000000,1954.2196859120,0.7316992429,206.9616532676,0.0000000000,17915.6290535648,17.2268128022,1791.5568149307
margin_curve,1.5836215416,surface,7.0296651025,2.9703348975,0.0825368250,17915.0812113910,11.9462557783,1796.3257941072,19527.2713012671,0.0000000000,1952.7271301267,0.7316992429,206.9616532676,0.0000000000,17915.6127186810,17.0819577638,1791.5552326549
margin_curve,1.6336215416,surface,6.8217267406,3.1782732594,0.0818358420,17915.0812113910,11.9462557783,1796.1757941072,19512.3457434139,0.0000000000,1951.2345743414,0.7316992429,206.9616532676,0.0000000000,17915.5963792008,16.9368811582,1791.5536499977
margin_curve,1.6836215416,surface,6.6136412454,3.3863587546,0.0811337860,17915.0812113910,11.9462557783,1796.0257941072,19497.4201855608,0.0000000000,1949.7420185561,0.7316992429,206.9616532676,0.0000000000,17915.5800351083,16.7915824768,1791.5520669579
margin_curve,1.7336215416,surface,6.4054094639,3.5945905361,0.0804305301,17915.0812113910,11.9462557783,1795.8757941072,19482.4946277076,0.0000000000,1948.2494627708,0.7013164313,206.9647796278,0.0000000000,17915.5636645667,16.6462869355,1791.5507257314
margin_curve,1.7836215416,surface,6.1970315800,3.8029684200,0.0797263216,17915.0812113910,11.9462557783,1795.7257941072,19467.5690698545,0.0000000000,1946.7569069854,0.7013164313,206.9647796278,0.0000000000,17915.5473113965,16.5005405741,1791.5491398017
margin_curve,1.8336215416,surface,5.9885081712,4.0114918288,0.0790210326,17915.0812113910,11.9462557783,1795.5757941072,19452.6435120013,0.0000000000,1945.2643512001,0.7013164313,206.9647796278,0.0000000000,17915.5309535660,16.3545705987,1791.5475534817
margin_curve,1.8836215416,surface,5.7798400584,4.2201599416,0.0783146607,17915.0812113910,11.9462557783,1795.4257941072,19437.7179541482,0.0000000000,1943.7717954148,0.7013164313,206.9647796278,0.0000000000,17915.5145910593,16.2083764943,1791.5459667701
margin_curve,1.9336215416,surface,5.5710282543,4.4289717457,0.0776072034,17915.0812113910,11.9462557783,1795.2757941072,19422.7923962950,0.0000000000,1942.2792396295,0.7013164313,206.9647796278,0.0000000000,17915.4982238600,16.0619577444,1791.5443796653
margin_curve,1.9836215416,surface,5.3620740012,4.6379259988,0.0768986581,17915.0812113910,11.9462557783,1795.1257941072,19407.8668384419,0.0000000000,1940.7866838442,0.7013164313,206.9647796278,0.0000000000,17915.4818519519,15.9153138308,1791.5427921659
margin_curve,2.0336215416,surface,5.1529788183,4.8470211817,0.0761890224,17915.0812113910,11.9462557783,1794.9757941072,19392.9412805887,0.0000000000,1939.2941280589,0.7013164313,206.9647796278,0.0000000000,17915.4654753186,15.7684442338,1791.5412042705
margin_curve,2.0836215416,surface,4.9437445611,5.0562554389,0.0754782937,17915.0812113910,11.9462557783,1794.8257941072,19378.0157227356,0.0000000000,1937.8015722736,0.7013164313,206.9647796278,0.0000000000,17915.4490939436,15.6213484321,1791.5396159776
margin_curve,2.1336215416,surface,4.7343734971,5.2656265029,0.0747664696,17915.0812113910,11.9462557783,1794.6757941072,19363.0901648824,0.0000000000,1936.3090164882,0.7013164313,206.9647796278,0.0000000000,17915.4327078106,15.4740259027,1791.5380272857
margin_curve,2.1836215416,surface,4.5248684014,5.4751315986,0.0740535474,17915.0812113910,11.9462557783,1794.5257941072,19348.1646070293,0.0000000000,1934.8164607029,0.7013164313,206.9647796278,0.0000000000,17915.4163169028,15.3264761211,1791.5364381933
margin_curve,2.2336215416,surface,4.3152326822,5.6847673178,0.0733395247,17915.0812113910,11.9462557783,1794.3757941072,19333.2390491762,0.0000000000,1933.3239049176,0.7013164313,206.9647796278,0.0000000000,17915.3999212036,15.1786985612,1791.5348486990
margin_curve,2.2836215416,surface,4.1054713504,5.8945286496,0.0726242856,17915.0812113910,11.9462557783,1794.2257941072,19318.3134913230,0.0000000000,1931.8313491323,0.6709202676,206.9677733886,0.0000000000,17915.3835008985,15.0308866763,1791.5334775793
margin_curve,2.3336215416,surface,3.8955890562,6.1044109438,0.0719080551,17915.0812113910,11.9462557783,1794.0757941072,19303.3879334699,0.0000000000,1930.3387933470,0.6709202676,206.9677733886,0.0000000000,17915.3670957660,14.8826500435,1791.5318851194
margin_curve,2.3836215416,surface,3.6855921644,6.3144078356,0.0711907163,17915.0812113910,11.9462557783,1793.9257941072,19288.4623756167,0.0000000000,1928.8462375617,0.6709202676,206.9677733886,0.0000000000,17915.3506857920,14.7341840415,1791.5302922498
margin_curve,2.4336215416,surface,3.4754889083,6.5245110917,0.0704722668,17915.0812113910,11.9462557783,1793.7757941072,19273.5368177636,0.0000000000,1927.3536817764,0.6709202676,206.9677733886,0.0000000000,17915.3342709598,14.5854881375,1791.5286989688
margin_curve,2.4836215416,surface,3.2652897736,6.7347102264,0.0697527038,17915.0812113910,11.9462557783,1793.6257941072,19258.6112599104,0.0000000000,1925.8611259910,0.6709202676,206.9677733886,0.0000000000,17915.3178512522,14.4365617971,1791.5271052749
margin_curve,2.5336215416,surface,3.0550083289,6.9449916711,0.0690319168,17915.0812113910,11.9462557783,1793.4757941072,19243.6857020572,0.0000000000,1924.3685702057,0.6405113306,206.9706344930,0.0000000000,17915.3014077320,14.2875796176,1791.5257192007
margin_curve,2.5836215416,surface,2.8446638801,7.1553361199,0.0683101203,17915.0812113910,11.9462557783,1793.3257941072,19228.7601442041,0.0000000000,1922.8760144204,0.6405113306,206.9706344930,0.0000000000,17915.2849784254,14.1381889463,1791.5241225019
margin_curve,2.6336215416,surface,2.6342784606,7.3657215394,0.0675872027,17915.0812113910,11.9462557783,1793.1757941072,19213.8345863509,0.0000000000,1921.3834586351,0.6405113306,206.9706344930,0.0000000000,17915.2685441924,13.9885662232,1791.5225253823
margin_curve,2.6836215416,surface,2.4238839754,7.5761160246,0.0668631612,17915.0812113910,11.9462557783,1793.0257941072,19198.9090284978,0.0000000000,1919.8909028498,0.6405113306,206.9706344930,0.0000000000,17915.2521050157,13.8387109070,1791.5209278403
margin_curve,2.7336215416,surface,2.2135263451,7.7864736549,0.0661378895,17915.0812113910,11.9462557783,1792.8757941072,19183.9834706446,0.0000000000,1918.3983470645,0.6100901992,206.9733628866,0.0000000000,17915.2356426567,13.6887813945,1791.5195292579
margin_curve,2.7836215416,surface,2.0032684172,7.9967315828,0.0654115936,17915.0812113910,11.9462557783,1792.7257941072,19169.0579127915,0.0000000000,1916.9057912791,0.6100901992,206.9733628866,0.0000000000,17915.2191937465,13.5384575006,1791.5179286774
margin_curve,2.8336215416,surface,1.7932039101,8.2067960899,0.0646840642,17915.0812113910,11.9462557783,1792.5757941072,19154.1323549384,0.0000000000,1915.4132354938,0.5796574526,206.9759585175,0.0000000000,17915.2027219223,13.3880461959,1791.5165227322
margin_curve,2.8836215416,surface,1.5834770154,8.4165229846,0.0639555034,17915.0812113910,11.9462557783,1792.4257941072,19139.2067970852,0.0000000000,1913.9206797085,0.5796574526,206.9759585175,0.0000000000,17915.1862632119,13.2372516270,1791.5149190928
margin_curve,2.9336215416,surface,1.3743211490,8.6256788510,0.0632257059,17915.0812113910,11.9462557783,1792.2757941072,19124.2812392321,0.0000000000,1912.4281239232,0.5492136701,206.9784213361,0.0000000000,17915.1697818652,13.0863568016,1791.5135057443
margin_curve,2.9836215416,surface,1.1661352618,8.8338647382,0.0624947709,17915.0812113910,11.9462557783,1792.1257941072,19109.3556813789,0.0000000000,1910.9355681379,0.5187594314,206.9807512957,0.0000000000,17915.1532957904,12.9352146328,1791.5120876039
margin_curve,3.0336215416,surface,0.9596678281,9.0403321719,0.0617625980,17915.0812113910,11.9462557783,1791.9757941072,19094.4301235258,0.0000000000,1909.4430123526,0.4578219046,206.9850124627,0.0000000000,17915.1367874945,12.7839321226,1791.5108511224
margin_curve,3.0836215416,surface,0.7564789836,9.2435210164,0.0610292844,17915.0812113910,11.9462557783,1791.8257941072,19079.5045656726,0.0000000000,1907.9504565673,0.3968495129,206.9887416939,0.0000000000,17915.1202745951,12.6323747863,1791.5096055153
margin_curve,3.1336215416,surface,0.6893321671,9.3106678329,0.0602953665,17915.0812113910,11.9462557783,1791.6757941072,19064.5790078195,0.0000000000,1906.4579007819,-0.4882953162,206.9829483518,10.0000000000,17915.0437880459,12.4801127234,1792.1102766638
margin_curve,3.1591855898,surface,0.6832749150,9.3167250850,0.0599188394,17915.0812113910,11.9462557783,1791.5991019626,19056.9478542101,0.0000000000,1905.6947854210,-0.7013164313,206.9647796278,10.0000000000,17915.0356340003,12.4010893943,1792.1069540008
margin_curve,3.1836215416,surface,0.7331287682,9.2668712318,0.0595588890,17915.0812113910,11.9462557783,1791.5257941072,19049.6534499663,0.0000000000,1904.9653449966,-0.9742117067,193.0681235188,10.0000000000,17915.0192319830,11.4989229351,1792.1033143848
margin_curve,3.2336215416,surface,0.9326687609,9.0673312391,0.0588225040,17915.0812113910,11.9462557783,1791.3757941072,19034.7278921132,0.0000000000,1903.4727892113,-0.9136833455,193.0598859704,10.0000000000,17915.0037899878,11.3562659088,1792.0939785527
margin_curve,3.2836215416,surface,1.1328197219,8.8671802781,0.0580848672,17915.0812113910,11.9462557783,1791.2257941072,19019.8023342600,0.0000000000,1901.9802334260,-0.8833927840,193.0559653522,10.0000000000,17914.9883291419,11.2136301158,1792.0848127618
margin_curve,3.3336215416,surface,1.3333719936,8.6666280064,0.0573460698,17915.0812113910,11.9462557783,1791.0757941072,19004.8767764069,0.0000000000,1900.4876776407,-0.8530854038,193.0521769385,10.0000000000,17914.9728647604,11.0707836177,1792.0756392838
margin_curve,3.3836215416,surface,1.5342267252,8.4657732748,0.0566060194,17915.0812113910,11.9462557783,1790.9257941072,18989.9512185537,0.0000000000,1898.9951218554,-0.8530854038,193.0521769385,10.0000000000,17914.9573819171,10.9279152708,1792.0666273625
margin_curve,3.4336215416,surface,1.7353311688,8.2646688312,0.0558648934,17915.0812113910,11.9462557783,1790.7757941072,18975.0256607006,0.0000000000,1897.5025660701,-0.8227617822,193.0485208013,10.0000000000,17914.9419105227,10.7846350446,1792.0574363367
margin_curve,3.4836215416,surface,1.9366553702,8.0633446298,0.0551225111,17915.0812113910,11.9462557783,1790.6257941072,18960.1001028474,0.0000000000,1896.0100102847,-0.8227617822,193.0485208013,10.0000000000,17914.9264209458,10.6413192392,1792.0484024756
margin_curve,3.5336215416,surface,2.1381797404,7.8618202596,0.0543789593,17915.0812113910,11.9462557783,1790.4757941072,18945.1745449943,0.0000000000,1894.5174544994,-0.8227617822,193.0485208013,10.0000000000,17914.9109280792,10.4977776604,1792.0393564941
margin_curve,3.5836215416,surface,2.3398923290,7.6601076710,0.0536342352,17915.0812113910,11.9462557783,1790.3257941072,18930.2489871411,0.0000000000,1893.0248987141,-0.8227617822,193.0485208013,10.0000000000,17914.8954319097,10.3540097744,1792.0302983631
margin_curve,3.6336215416,surface,2.5417853614,7.4582146386,0.0528884202,17915.0812113910,11.9462557783,1790.1757941072,18915.3234292880,0.0000000000,1891.5323429288,-0.7924224964,193.0449970103,10.0000000000,17914.8799464254,10.2098449106,1792.0210698415
margin_curve,3.6836215416,surface,2.7438535009,7.2561464991,0.0521413420,17915.0812113910,11.9462557783,1790.0257941072,18900.3978714348,0.0000000000,1890.0397871435,-0.7924224964,193.0449970103,10.0000000000,17914.8644434133,10.0656252176,1792.0119895589
margin_curve,3.7336215416,surface,2.9460923022,7.0539076978,0.0513930833,17915.0812113910,11.9462557783,1789.8757941072,18885.4723135817,0.0000000000,1888.5472313582,-0.7924224964,193.0449970103,10.0000000000,17914.8489370583,9.9211776091,1792.0028970422
margin_curve,3.7836215416,surface,3.1484990070,6.8515009930,0.0506436411,17915.0812113910,11.9462557783,1789.7257941072,18870.5467557285,0.0000000000,1887.0546755729,-0.7924224964,193.0449970103,10.0000000000,17914.8334273469,9.7765015444,1791.9937922617
margin_curve,3.8336215416,surface,3.3510716344,6.6489283656,0.0498930127,17915.0812113910,11.9462557783,1789.5757941072,18855.6211978754,0.0000000000,1885.5621197875,-0.7924224964,193.0449970103,10.0000000000,17914.8179142655,9.6315964811,1791.9846751878
margin_curve,3.8836215416,surface,3.5538087612,6.4461912388,0.0491411952,17915.0812113910,11.9462557783,1789.4257941072,18840.6956400222,0.0000000000,1884.0695640022,-0.7924224964,193.0449970103,10.0000000000,17914.8023978007,9.4864618752,1791.9755457907
margin_curve,3.9336215416,surface,3.7567093729,6.2432906271,0.0483881858,17915.0812113910,11.9462557783,1789.2757941072,18825.7700821691,0.0000000000,1882.5770082169,-0.7924224964,193.0449970103,10.0000000000,17914.7868779389,9.3410971808,1791.9664040405
margin_curve,3.9836215416,surface,3.9597727597,6.0402272403,0.0476339817,17915.0812113910,11.9462557783,1789.1257941072,18810.8445243159,0.0000000000,1881.0844524316,-0.7924224964,193.0449970103,10.0000000000,17914.7713546664,9.1955018505,1791.9572499073
margin_curve,4.0336215416,surface,4.1629984439,5.8370015561,0.0468785800,17915.0812113910,11.9462557783,1788.9757941072,18795.9189664628,0.0000000000,1879.5918966463,-0.7924224964,193.0449970103,10.0000000000,17914.7558279694,9.0496753350,1791.9480833610
margin_curve,4.0836215416,surface,4.3663861259,5.6336138741,0.0461219779,17915.0812113910,11.9462557783,1788.8257941072,18780.9934086096,0.0000000000,1878.0993408610,-0.7924224964,193.0449970103,10.0000000000,17914.7402978342,8.9036170832,1791.9389043716
margin_curve,4.1336215416,surface,4.5699356455,5.4300643545,0.0453641725,17915.0812113910,11.9462557783,1788.6757941072,18766.0678507565,0.0000000000,1876.6067850756,-0.7924224964,193.0449970103,10.0000000000,17914.7247642469,8.7573265425,1791.9297129087
margin_curve,4.1836215416,surface,4.7736471480,5.2263528520,0.0446052325,17915.0812113910,11.9462557783,1788.5257941072,18751.1422929033,0.0000000000,1875.1142292903,-0.7620681240,193.0416056324,10.0000000000,17914.7092390568,8.6106657015,1791.9203754533
margin_curve,4.2336215416,surface,4.9775204998,5.0224795002,0.0438450107,17915.0812113910,11.9462557783,1788.3757941072,18736.2167350502,0.0000000000,1873.6216735050,-0.7620681240,193.0416056324,10.0000000000,17914.6936983217,8.4639112709,1791.9111612280
margin_curve,4.2836215416,surface,5.1815557692,4.8184442308,0.0430835770,17915.0812113910,11.9462557783,1788.2257941072,18721.2911771970,0.0000000000,1872.1291177197,-0.7620681240,193.0416056324,10.0000000000,17914.6781540923,8.3169228857,1791.9019344416
margin_curve,4.3336215416,surface,5.3857531262,4.6142468738,0.0423209285,17915.0812113910,11.9462557783,1788.0757941072,18706.3656193439,0.0000000000,1870.6365619344,-0.7620681240,193.0416056324,10.0000000000,17914.6626063546,8.1696999863,1791.8926950634
margin_curve,4.3836215416,surface,5.5901127888,4.4098872112,0.0415570622,17915.0812113910,11.9462557783,1787.9257941072,18691.4400614907,0.0000000000,1869.1440061491,-0.7620681240,193.0416056324,10.0000000000,17914.6470550944,8.0222420108,1791.8834430626
margin_curve,4.4336215416,surface,5.7946350149,4.2053649851,0.0407919752,17915.0812113910,11.9462557783,1787.7757941072,18676.5145036376,0.0000000000,1867.6514503638,-0.7620681240,193.0416056324,10.0000000000,17914.6315002974,7.8745483959,1791.8741784085
margin_curve,4.4836215416,surface,5.9993200957,4.0006799043,0.0400256647,17915.0812113910,11.9462557783,1787.6257941072,18661.5889457844,0.0000000000,1866.1588945784,-0.7620681240,193.0416056324,10.0000000000,17914.6159419494,7.7266185765,1791.8649010701
margin_curve,4.5336215416,surface,6.2041683507,3.7958316493,0.0392581276,17915.0812113910,11.9462557783,1787.4757941072,18646.6633879313,0.0000000000,1864.6663387931,-0.7620681240,193.0416056324,10.0000000000,17914.6003800360,7.5784519853,1791.8556110163
margin_curve,4.5836215416,surface,6.4091801233,3.5908198767,0.0384893610,17915.0812113910,11.9462557783,1787.3257941072,18631.7378300781,0.0000000000,1863.1737830078,-0.7620681240,193.0416056324,10.0000000000,17914.5848145428,7.4300480536,1791.8463082161
margin_curve,4.6336215416,surface,6.6143557776,3.3856442224,0.0377193620,17915.0812113910,11.9462557783,1787.1757941072,18616.8122722250,0.0000000000,1861.6812272225,-0.7620681240,193.0416056324,10.0000000000,17914.5692454553,7.2814062108,1791.8369926382
margin_curve,4.6836215416,surface,6.8196956957,3.1803043043,0.0369481276,17915.0812113910,11.9462557783,1787.0257941072,18601.8867143718,0.0000000000,1860.1886714372,-0.7620681240,193.0416056324,10.0000000000,17914.5536727590,7.1325258843,1791.8276642513
margin_curve,4.7336215416,surface,7.0252002751,2.9747997249,0.0361756549,17915.0812113910,11.9462557783,1786.8757941072,18586.9611565187,0.0000000000,1858.6961156519,-0.7620681240,193.0416056324,10.0000000000,17914.5380964392,6.9834064997,1791.8183230239
margin_curve,4.7836215416,surface,7.2308699270,2.7691300730,0.0354019407,17915.0812113910,11.9462557783,1786.7257941072,18572.0355986655,0.0000000000,1857.2035598666,-0.7620681240,193.0416056324,10.0000000000,17914.5225164813,6.8340474810,1791.8089689245
margin_curve,4.8336215416,surface,7.4367050744,2.5632949256,0.0346269822,17915.0812113910,11.9462557783,1786.5757941072,18557.1100408124,0.0000000000,1855.7110040812,-0.7620681240,193.0416056324,10.0000000000,17914.5069328704,6.6844482500,1791.7996019214
margin_curve,4.8836215416,surface,7.6427061514,2.3572938486,0.0338507764,17915.0812113910,11.9462557783,1786.4257941072,18542.1844829592,0.0000000000,1854.2184482959,-0.7620681240,193.0416056324,10.0000000000,17914.4913455919,6.5346082268,1791.7902219829
margin_curve,4.9336215416,surface,7.8488736011,2.1511263989,0.0330733202,17915.0812113910,11.9462557783,1786.2757941072,18527.2589251061,0.0000000000,1852.7258925106,-0.7620681240,193.0416056324,10.0000000000,17914.4757546307,6.3845268297,1791.7808290771
margin_curve,4.9836215416,surface,8.0552078755,1.9447921245,0.0322946106,17915.0812113910,11.9462557783,1786.1257941072,18512.3333672529,0.0000000000,1851.2333367253,-0.7620681240,193.0416056324,10.0000000000,17914.4601599720,6.2342034751,1791.7714231721
margin_curve,5.0336215416,surface,8.2617094343,1.7382905657,0.0315146445,17915.0812113910,11.9462557783,1785.9757941072,18497.4078093998,0.0000000000,1849.7407809400,-0.7620681240,193.0416056324,10.0000000000,17914.4445616008,6.0836375774,1791.7620042358
margin_curve,5.0836215416,surface,8.4683787442,1.5316212558,0.0307334190,17915.0812113910,11.9462557783,1785.8257941072,18482.4822515466,0.0000000000,1848.2482251547,-0.7620681240,193.0416056324,10.0000000000,17914.4289595019,5.9328285492,1791.7525722360
margin_curve,5.1336215416,surface,8.6752162783,1.3247837217,0.0299509310,17915.0812113910,11.9462557783,1785.6757941072,18467.5566936935,0.0000000000,1846.7556693693,-0.7620681240,193.0416056324,10.0000000000,17914.4133536602,5.7817758011,1791.7431271405
margin_curve,5.1836215416,surface,8.8822225156,1.1177774844,0.0291671773,17915.0812113910,11.9462557783,1785.5257941072,18452.6311358403,0.0000000000,1845.2631135840,-0.7620681240,193.0416056324,10.0000000000,17914.3977440605,5.6304787421,1791.7336689169
margin_curve,5.2336215416,surface,9.0893979406,0.9106020594,0.0283821550,17915.0812113910,11.9462557783,1785.3757941072,18437.7055779872,0.0000000000,1843.7705577987,-0.7620681240,193.0416056324,10.0000000000,17914.3821306874,5.4789367788,1791.7241975326
margin_curve,5.2836215416,surface,9.2967430431,0.7032569569,0.0275958610,17915.0812113910,11.9462557783,1785.2257941072,18422.7800201340,0.0000000000,1842.2780020134,-0.7620681240,193.0416056324,10.0000000000,17914.3665135257,5.3271493164,1791.7147129552
margin_curve,5.3336215416,surface,9.5042583172,0.4957416828,0.0268082921,17915.0812113910,11.9462557783,1785.0757941072,18407.8544622809,0.0000000000,1840.7854462281,-0.7620681240,193.0416056324,10.0000000000,17914.3508925599,5.1751157577,1791.7052151518
margin_curve,5.3836215416,surface,9.7119442619,0.2880557381,0.0260194453,17915.0812113910,11.9462557783,1784.9257941072,18392.9289044277,0.0000000000,1839.2928904428,-0.7620681240,193.0416056324,10.0000000000,17914.3352677744,5.0228355039,1791.6957040897
margin_curve,5.4336215416,surface,9.9198013802,0.0801986198,0.0252293175,17915.0812113910,11.9462557783,1784.7757941072,18378.0033465746,0.0000000000,1837.8003346575,-0.7620681240,193.0416056324,10.0000000000,17914.3196391538,4.8703079541,1791.6861797360
margin_curve,5.4529022818,surface,9.9999999998,0.0000000002,0.0249242896,17915.0812113910,11.9462557783,1784.7179518866,18372.2478305085,0.0000000000,1837.2247830509,-0.7620681240,193.0416056324,10.0000000000,17914.3136114984,4.8114248781,1791.6825034462
margin_curve,5.4836215416,surface,10.1278301789,-0.1278301789,0.0244379054,17915.0812113910,11.9462557783,1784.6257941072,18363.0777887214,0.0000000000,1836.3077788721,-0.7620681240,193.0416056324,10.0000000000,17914.3040066823,4.7175325055,1791.6766420576
margin_curve,5.5336215416,surface,10.3360311690,-0.3360311690,0.0236452061,17915.0812113910,11.9462557783,1784.4757941072,18348.1522308683,0.0000000000,1834.8152230868,-0.7620681240,193.0416056324,10.0000000000,17914.2883703442,4.5645085533,1791.6670910213
margin_curve,5.5836215416,surface,10.5444048721,-0.5444048721,0.0228512538,17915.0812113910,11.9462557783,1784.3257941072,18333.2266730151,0.0000000000,1833.3226673015,-0.7316992429,193.0383467324,10.0000000000,17914.2727362195,4.4111682635,1791.6574581849
margin_curve,5.6336215416,surface,10.7529518427,-0.7529518427,0.0220559692,17915.0812113910,11.9462557783,1784.1757941072,18318.3011151620,0.0000000000,1831.8301115162,-0.7316992429,193.0383467324,10.0000000000,17914.2570918896,4.2576478273,1791.6478827144
margin_curve,5.6836215416,surface,10.9616725537,-0.9616725537,0.0212593878,17915.0812113910,11.9462557783,1784.0257941072,18303.3755573088,0.0000000000,1830.3375557309,-0.7316992429,193.0383467324,10.0000000000,17914.2414436454,4.1038770646,1791.6382937899
margin_curve,5.7336215416,surface,11.1705675295,-1.1705675295,0.0204615064,17915.0812113910,11.9462557783,1783.8757941072,18288.4499994557,0.0000000000,1828.8449999456,-0.7316992429,193.0383467324,10.0000000000,17914.2257914707,3.9498553630,1791.6286913777
margin_curve,5.7836215416,surface,11.3796372976,-1.3796372976,0.0196623219,17915.0812113910,11.9462557783,1783.7257941072,18273.5244416025,0.0000000000,1827.3524441603,-0.7316992429,193.0383467324,10.0000000000,17914.2101353495,3.7955821075,1791.6190754443
margin_curve,5.8336215416,surface,11.5888823886,-1.5888823886,0.0188618310,17915.0812113910,11.9462557783,1783.5757941072,18258.5988837494,0.0000000000,1825.8598883749,-0.7316992429,193.0383467324,10.0000000000,17914.1944752657,3.6410566816,1791.6094459558
margin_curve,5.8529022818,surface,11.6696173452,-1.6696173452,0.0185528003,17915.0812113910,11.9462557783,1783.5179518866,18252.8433676833,0.0000000000,1825.2843367683,-0.7316992429,193.0383467324,10.0000000000,17914.1884354434,3.5814018894,1791.6057290539
